artist_name,track_name,track_id,popularity
Olivia Rodrigo,good 4 u,4ZtFanR9U6ndgddUvNcjcG,99
Schoolgirl Byebye,"Year,2015",0UsmyJDsst2xhX1ZiFF3JW,25
Years & Years,King - Acoustic,0KiPCHHB1cQdWxWrORdXGt,0
Doja Cat,Kiss Me More (feat. SZA),748mdHapucXQri7IAO8yFK,98
Anthem Lights,K-LOVE Fan Awards: Songs of the Year (2015 Mash-Up),5rJw9VsPNdfnV9Ar97xZG2,33
Satoshi Love,wish i dropped out like brakence interlude,7BFk1nSfwfkDOgnNNeY7Yn,0
Years & Years,King,7hCUv1ll5KnIsC86qPEHKK,3
Olivia Rodrigo,traitor,5CZ40GBx1sQ9agT82CLQCT,95
Anthem Lights,K-Love Fan Awards: Songs of the Year (2014 Mash-Up),00ohIpPn9LkKpeIqhfIU9V,27
Lady Gaga,Poker Face,4liFTpYparE2zEUp2GfG64,33
Years & Years,King,4uaPh9n24VKMJMsvApyz2C,0
Polo G,RAPSTAR,43PGPuHIlVOc04jrZVh9L6,93
Hammock,Longest Year - 2020,51TAp7p7B3xboCl5HWmEkF,28
Juice WRLD,Bad Boy (with Young Thug),43CIWpJaJHRcI4mUSjqgc2,79
Years & Years,Shine,5wlZFRYthpXecXCzszqoe9,0
Lil Nas X,MONTERO (Call Me By Your Name),67BtfxlNbhBmCDR2L2l8qd,100
The Kiboomers,The Months of the Year - 2014 Version,58lQgf1Y5gRJRr6S0Nwp50,29
Justin Bieber,Anyone,31qCy5ZaophVA81wtlwLc4,83
Years & Years,King,4kvfXqwnmXHY1g21gfSvjZ,3
Olivia Rodrigo,favorite crime,5JCoSi02qi3jJeHdZXMmR8,94
Tori Amos,Pretty Good Year - 2015 Remaster,70euagGKfDWkSQCoZtHFdh,23
Taylor Swift,Love Story (Taylor’s Version),3CeCwYWvdfXbZLXFhBrbnf,76
Years & Years,Starstruck - Kylie Minogue Remix,4AgEq4UqCDn0iCfgpQX37j,1
Justin Bieber,Peaches (feat. Daniel Caesar & Giveon),4iJyoBOLtHqaGxP12qzhQI,98
Riff Raff,Rookie of the Year 2013,4KoDsg2EbYPgqpXSrKqB7F,19
Saweetie,Best Friend (feat. Doja Cat),2etHQJxIbV0soyPhelVs9Y,87
Years & Years,Breathe,6iMQWCAM7nGkogSmOKVKea,0
Olivia Rodrigo,happier,2tGvwE8GcFKwNdAXMnlbfl,94
Eagles,Funky New Year - 2013 Remaster,7tJS1cjSD1P8bodNGblYiK,18
Olivia Rodrigo,deja vu,6HU7h9RYOaPRFeh0R3UeAr,94
Saliva,After Me - 2021 Version,5BJs3aDrKYBRkzrhaVxf89,45
Olivia Rodrigo,brutal,6SRsiMl7w1USE4mFqrOhHC,92
David Bowie,Golden Years - 2016 Remaster,4JRem7xHp2l0kmUvt9zCKu,62
Drake,Wants and Needs (feat. Lil Baby),65OVbaJR5O1RmwOQx0875b,90
Saliva,Spyhunter - 2021 Version,646K2dKvCr8Nqy3XaSRHHM,35
Bad Bunny,Yonaguni,2JPLbjOn0wPCngEot2STUS,98
Iron Maiden,Wasted Years - 2015 Remaster,2V0T2LS0pf2r3EFpOEkZFO,55
Bruno Mars,Leave The Door Open,7MAibcTli4IisCtbHKrGMh,95
Saliva,Greater Than/Less Than - 2021 Version,3AXH7PCgnMVIlafuRAMhdL,34
Olivia Rodrigo,"jealousy, jealousy",0MMyJUC3WNnFS1lit5pTjk,91
The National,29 Years - 2021 Remaster,7BeCxon082GMTXsHjzx7MS,17
Olivia Rodrigo,enough for you,2TOzTqQXNmR2zDJXihjZ2e,91
Saliva,Spoonman - 2021 Version,3psaFVjImZJfCvanJ3mlZA,33
The Weeknd,Save Your Tears (with Ariana Grande) (Remix),37BZB0z9T8Xu7U3e65qxFy,95
David Bowie,Five Years - 2012 Remaster,1JIzFhI9Lt5FyslawmHCBi,58
BTS,Butter,2bgTY4UwhfBYhGT4HUYStN,96
Saliva,Your Disease - 2021 Version,25DAo7YTKFqdyxQftKF0Oe,29
Masked Wolf,Astronaut In The Ocean,3Ofmpyhv5UAQ70mENzB277,93
Vera Lynn,The Loveliest Night Of The Year - 2017 Version,1R9zW8DFjW6NLDjrlKwCyN,18
Olivia Rodrigo,"1 step forward, 3 steps back",4wcBRRpIfesgcyUtis7PEg,90
Saliva,Click Click Boom - 2021 Version,1pMPy92XESaLhqRq0Lr0n6,29
Rauw Alejandro,Todo De Ti,4fSIb4hdOQ151TILNsSEaF,99
Sukima Switch,Ah Yeah!! - 2020 Remaster,1EryXVV7xCH10UeVvF3RMB,43
Olivia Rodrigo,drivers license,5wANPM4fQCJwkGd4rN57mH,92
U2,"New Year's Day - Live From Red Rocks Amphitheatre, Colorado, USA / 1983 / Remastered 2021",6tBQZFVP2nvhUfc6gMQjF0,36
Trippie Redd,Miss The Rage (feat. Playboi Carti),2BITQ360Knh6qNAOqR7Dyq,88
J. Cole,m y . l i f e (with 21 Savage & Morray),1D3z6HTiQsNmZxjl7F7eoG,87
DJ CLINGO SLIDE,Bball,3gZGUMaG1ivspAIPh3ByH6,25
WILLOW,t r a n s p a r e n t s o u l feat. Travis Barker,1QL7nSDZCwZMnbisV4KOXt,88
Funcc.,Guilt,5uMnRbSAnanjzB6o8M1moT,31
Bella Poarch,Build a Bitch,7BoobGhD4x5K96Me0hqC8Q,93
KOAN Sound,Trouble in the West - 2021 Remaster,010tkqiFvKNXDfuV786RRo,26
Olivia Rodrigo,hope ur ok,1zejeOnykpCoyVSit6Bwp3,88
Hate Drugs,Lovers in the Summer (2021 Special Edition),45d19b65f9tBj7rO1E7dbU,9
J. Cole,p r i d e . i s . t h e . d e v i l (with Lil Baby),5W8jRrZ6tWrTrqnKRtIQBf,87
Hate Drugs,Never Wanna Leave (2021 Special Edition),3ENgON7uAmmCdTlQr7ErIv,9
Megan Thee Stallion,Thot Shit,5zNW5ARjYhJQJz1AChP33n,86
Hate Drugs,Sleep When We're Dead (2021 Special Edition),69P8dbLk5gNVG3q2AGemc6,9
Cochise,Tell Em,7nc7mlSdWYeFom84zZ8Wr8,85
Klaus Doldinger,Das Boot - 2021 Remastered,64bt6qmrxlfzPean113phZ,25
"Tyler, The Creator",WUSYANAME (feat. Youngboy Never Broke Again & Ty Dolla $ign),5B0kgjHULYJhAQkK5XsMoC,85
Smooth Dinner Jazz,Mysterious Ambience for 2021,7JbCtHITcxozCi7ToiRl9O,24
Young Stoner Life,Solid (feat. Drake),6rTInqW3YECMkQsBEHw4sd,85
DJ CLINGO SLIDE,Rubish,0u7vHkZJtxjSP65kf0yZOA,22
Cardi B,Up,1XXimziG1uhM0eDNCZCrUl,87
KOAN Sound,Max Out - 2021 Remaster,0D4QsjlrsW95BVQuKDk9Nb,24
Lil Tjay,Calling My Phone,3J8EOeKLTLXORtWPpOU5bE,88
Pat MV,2021’s Our Year,7pTHcxxysb40K46vleyFZa,34
24kGoldn,Mood (feat. iann dior),4jPy3l0RUwlUI9T5XHBW2m,91
KOAN Sound,Mr Brown - 2021 Remaster,4lAohj2eZlfaorBypduwUp,23
DJ Khaled,EVERY CHANCE I GET (feat. Lil Baby & Lil Durk),1EJIcDYXwSqipW5dFe4uJz,84
KOAN Sound,One Hand Clap - 2021 Remaster,2PAz7SyA7qbCuupnYgs11G,21
Lil Tecca,Never Left,21UkXrc9kD48rNpTMI2ecz,85
Van Der Graaf Generator,Pilgrims - New Stereo Mix 2021,172tmA2DedbtFEwnGfVTky,0
Roddy Ricch,Late At Night,1fxYz1s15pyZLsJT0Hdh1m,86
Van Der Graaf Generator,Killer - New Stereo Mix 2021,7bmg0UtzqGoNa0jeO1CJnV,0
Billie Eilish,Lost Cause,2xdwCJLfKCkat14mlgR26M,89
Van Der Graaf Generator,"Refugees - 7"" Single Version / Remastered 2021",3IaBIrsJtHFNDxRZ7g7pXR,0
Travis Scott,Goosebumps - Remix,5uEYRdEIh9Bo4fpjDd4Na9,90
Rex Montex,It Was 40 Years Ago,6WhvJm0YQjQoZbdDya3fDv,0
Marshmello,Leave Before You Love Me (with Jonas Brothers),4qu63nuBpdn0qHUHuObEj1,88
Crucial Dudes,"Boom, Roasted (2021 Remaster)",2QRua8VZhbsHs5rPqXUxL6,13
J. Cole,a m a r i,2cnKST6T9qUo2i907lm8zX,85
Christina Perri,A Thousand Years,4TcnMCz0d27SsDNihYqFxW,20
Lil Tjay,Headshot (feat. Polo G & Fivio Foreign),4eNOLmx8r2IJAVKvBBL1jv,84
Van Der Graaf Generator,Killer - New Stereo Mix 2021,2BkyUNZ3FzHvNyv3IzANiE,27
Doja Cat,You Right,0k4d5YPDr1r7FX77VdqWez,85
Oceanic,Year in the Sun,7wrV2RVos1qyLDZxhAS2qk,23
Joyner Lucas,Ramen & OJ,4TIqzdAssasqx3DAe6cG9J,84
Crucial Dudes,Doubt (2021 Remaster),2jR8DJ2Fw4zajCym6cjiik,12
Migos,Having Our Way (feat. Drake),2NM0qHzx4Ohy8iXHEEgwlO,84
Last Year's Man,Still Be Here,2vpdhASV8jwmFCCGyl0wat,25
Doja Cat,Need To Know,10hcDov7xmcRviA8jLwEaI,86
DJ CLINGO SLIDE,Clay Man,0KCTON98BXLtkScCe5rjH3,13
Drake,What’s Next,3aQem4jVGdhtg116TmJnHz,84
Years & Years,Breathe,1YqRxaBc1qOC0a82ZcPz0q,18
Billie Eilish,Your Power,5qNh5WtzMbfpSj2jLlBkoD,89
Yello,Blender - Re-Touched 2021,5TCngtrmHsNnoqnkfx4NnM,28
"Tyler, The Creator",JUGGERNAUT (feat. Lil Uzi Vert & Pharrell Williams),7z4xW9WY86uH3gd1V9pfCM,82
Crucial Dudes,61 Penn (2021 Remaster),38p68a1uPsCjLp0t4nJ4HC,10
"Tyler, The Creator",LEMONHEAD (feat. 42 Dugg),5fbHRCsGpFIOLRtlhCRFDR,82
Years & Years,Breathe,71v09OflvBMGwSrSnOkyxq,17
Lorde,Solar Power,3KdoeNlEN0BoAKWzaRLNZa,87
Crucial Dudes,Through Being Crucial (2021 Remaster),1jwmYI1kdJGRfbwrHP8eqh,11
Surf Curse,Freaks,7EkWXAI1wn8Ii883ecd9xr,87
Johann Strauss II,"Neue Melodien-Quadrille, Op. 254",4uaWclMPHnWjm9YVGytlAS,25
Doja Cat,Ain't Shit,5lAnYvAIkSDNXqfo7DyFUm,81
Crucial Dudes,"Mt. Chill, You're Climbin' (2021 Remaster)",7zXnceW3kadhsi095get1f,11
DaBaby,Ball If I Want To,0cu0rhnlCnJ7JIeHRiLpj3,80
Crucial Dudes,Contour (2021 Remaster),3LglxOQujArGqNayVJfQxd,10
Moneybagg Yo,Wockesha,0nqhKXDjsyBMvbeWmgijD0,82
Crucial Dudes,"Small, Bent and Ugly (2021 Remaster)",5uFXoQPmuYVkwC8fgEt44Y,10
Lil Baby,Hats Off (feat. Travis Scott),4lUmnwRybYH7mMzf16xB0y,82
K120,"It's Christmas, You Are 13 Years Old and Happy",4viQSBJ8rdw7ix4lHUYMKp,17
"Tyler, The Creator",HOT WIND BLOWS (feat. Lil Wayne),3JJL91ilRV6fXhKqu0FGXs,81
DJ CLINGO SLIDE,Class Clown,6boq49pDPahzW87mWz0GOZ,11
Polo G,GANG GANG (with Lil Wayne),4VW44pawoOHPUjlN7DX5vk,82
DJ CLINGO SLIDE,Crazy Car,4PhvB1Oz0ZH05ogYSbFeKU,11
Olivia Rodrigo,"The Rose Song - From ""High School Musical: The Musical: The Series (Season 2)""",3qxzozdGFaBxQ0X4HkrMr0,76
Crucial Dudes,On Leaving (2021 Remaster),2kCQ6uef9ZZPttWLsoJqP9,9
Lil Tjay,Run It Up (feat. Offset & Moneybagg Yo),1dg3qy5DjoJodawfOCgrTP,83
Crucial Dudes,Mad Nice (2021 Remaster),0CxuwJN14HAmT719aiTq4G,10
"Tyler, The Creator",CORSO,46oHvXwpEZOFX518we1nJD,81
Funcc.,My Dear,4DwRpHZ8XeWkbXn1lFEvBK,17
"Tyler, The Creator",SWEET / I THOUGHT YOU WANTED TO DANCE (feat. Brent Faiyaz & Fana Hues),3EG9FJ0ToLfgnc1IG2Z1wz,80
DJ CLINGO SLIDE,Cowboy,2Pa2jZHk4VQsEThHp7Ido3,11
"Tyler, The Creator",SIR BAUDELAIRE (feat. DJ Drama),4ydmav4vl7hebadtfZtMrg,80
Crucial Dudes,Give 'Em The Howard (2021 Remaster),6K2Cn9xFxBipDdruwokCrN,10
"Tyler, The Creator",LUMBERJACK,0BiK5BbYNFLb88CCOxBFJe,80
Johann Strauss II,"Frühlingsstimmen, Walzer, Op. 410",5zZbXSRIFe1uWNmEM7f2XI,30
Polo G,No Return (with The Kid LAROI & Lil Durk),23OYT3SFtoJqhiAUqktbc1,83
Years & Years,Desire - Gryffin Remix,1xhkexZbRu77gyw6cMiGqn,14
Olivia Rodrigo,drivers license,0NrEE6I6GfXcR8KeBZEsyZ,0
Yello,Night Train - Re-Edited 2021,1PnJPZpUCBZx1x2Lw6JVm8,25
Olivia Rodrigo,drivers license,0TSXTxIhVWxA38Jby3xZam,0
Yello,Houdini - Re-Edited 2021,6tKD8SikTunrPyYloyNg6X,25
Olivia Rodrigo,drivers license,0s6io0eFd5Q4HeAQOoQ4Xk,0
Funcc.,i still remember toronto,5jNWFTEa6WYX04E5XRgSVt,15
Olivia Rodrigo,drivers license,1KXX5v2a88vva5J46I6MbF,10
Alesso,Years,2dx3YV0AhsygULQ2ojYVq0,40
Olivia Rodrigo,drivers license,2x4ZestWN3pdoExsVsgNal,2
Franz von Suppé,Fatinitza-Marsch,7v1zk76XQqz6F411INMEe3,23
Olivia Rodrigo,drivers license,35oNqplGalYFOcdamBPu7F,1
Peaceful Autumn Instrumental Jazz,Friendly New Years Resolutions,0L4TNsqjUesPdoz6HwY1s1,7
Olivia Rodrigo,drivers license,5hLF3A5acqU45MXZo1oMKr,0
Years & Years,Breathe,2GFwjSYUDVipOMB7IdzUtd,13
Olivia Rodrigo,drivers license,5u601iZjdWFOrO0OZ2ZymK,0
Garbela,Fith Year Celebration (2021 Remaster),0ByplozzntXq1baopBMcU1,10
Olivia Rodrigo,drivers license,6uh3DWrCVbsqGBQRzJjorK,0
Jazz Café Bar,Bright Jazz Piano Solo - Vibe for New Years Resolutions,5jLgl3LcMRW23gFRqqTqe8,13
"Tyler, The Creator",MASSA,2goHCrsDJaflEwQ930ef0o,79
Years & Years,If You're Over Me,3PvBYnxGQIFlywSYZ70nQ7,15
Internet Money,"His & Hers (feat. Don Toliver, Lil Uzi Vert & Gunna)",2IePEfMAtqWS6rLXXFZIgI,84
Warrel Dane,A Very Good Year (feat. Jonny Smokes) - unplugged & live version,03C6bvm7BMlg7XwagLsWmU,16
Dua Lipa,We're Good,1diS6nkxMQc3wwC4G1j0bh,87
Johann Strauss I,"Radetzky-Marsch, Op. 228",316AyasQmOic6W2zM8rYlw,21
"Tyler, The Creator",RUNITUP (feat. Teezo Touchdown),13HsOwrwTA5HgLuoaDHncP,79
Mysterious World Music,Tết: Vietnamese New Year Celebrations,13NWA8Q5Jhd2T0oAshsiqb,10
Doja Cat,I Don't Do Drugs (feat. Ariana Grande),0FFsgUoFibYISzMxuGS61W,80
Johann Strauss II,"Niko-Polka, Op. 228",4FWUPPBsg82IsojhIcAP0v,19
Bo Burnham,All Eyes On Me,3rV5y8rcQrwRt9fWGLmjOQ,82
"Karel Komzák, Jr.","Bad'ner Mad'ln, Walzer, Op. 257",1aDvlKtvTA8SJqBbGL7Nyw,18
Don Toliver,Drugs N Hella Melodies (feat. Kali Uchis),3Bi3ws3uigvFSmfTcSLjnp,81
Johann Strauss II,"Schallwellen, Walzer, Op. 148",5ZH6LpaSV0rmkr6RkLngqI,20
Young Stoner Life,Ski,6755DFiZ7CWe2WMdTGW5C1,81
Franz von Suppé,Dichter und Bauer: Ouvertüre,4vircrVSGNJsFavtLUF29K,19
StarBoi3,Dick (feat. Doja Cat),3nY8AqaMNNHHLYV4380ol0,87
Smooth Dinner Jazz,Spirited Ambiance for 2021,3ZvovH4vHG367zD4pwXa4p,6
Migos,Straightenin,3X2r2CnHOJeV5YekPTgBnK,82
Cafe BGM,Sultry Ambiance for 2021,5NR2UScCobzDg4zpbZYIel,12
Ed Sheeran,Bad Habits,6PQ88X9TkUIAUIZJHW2upE,89
Smooth Dinner Jazz,Friendly Backdrops for 2021,3pJjUciuQ7ArEEQ8fTGm2S,6
"Tyler, The Creator",MANIFESTO (feat. Domo Genesis),6qouBO0wJtYc3k7DfKRUBx,78
Funcc.,Somewhere,4oZOPr3QEHpJf1Vj6PngLm,13
Los Legendarios,Fiel,7Bk0uXKk1uPT0XuQbpFzvs,93
Michal Cielecki,The Golden Age,3PL0nJgLfgwNLMhyEQlL3D,16
Lil Nas X,SUN GOES DOWN,34eF4BoV8FPk0uhAAoqU7h,85
Johann Strauss II,"An der schönen blauen Donau, Walzer, Op. 314",7Lq7lV5MVDduhkRmqP9W4s,19
Ryan Hurd,Chasing After You (with Maren Morris),1ZIKpMTRPqhwAoVXWY3tXI,79
Carl Zeller,Grubenlichter-Walzer,7nWICHrOpq4mNelpzvfW8j,20
J. Cole,9 5 . s o u t h,5R691ipUYRDYW6ehapjoj6,81
Johann Strauss II,"Kaiserwalzer, Op. 437",4tV2GAiMdElyGG9Koz3sQd,19
J. Cole,i n t e r l u d e,08LwMWf5Tcfsd752EPzFV0,82
Workout Music ,Kings & Queens (Cardio + Running Workout Mix),5AismxfhycOrAUgsXlnGRm,15
Maroon 5,Beautiful Mistakes (feat. Megan Thee Stallion),5zFglKYiknIxks8geR8rcL,86
Workout Music ,Blinding Lights (Cardio + Running Workout Mix),1qo6ZFJzZ3fah2owpZltHS,12
Nicki Minaj,Seeing Green (with Drake & Lil Wayne),1TZv3bujNaYz646eezRE91,81
Funcc.,Another Life,1C9VpBEN2Jzmz2AH9NhnOA,12
"Tyler, The Creator",WILSHIRE,1pbbsI2KGPOMu0HmuGccBu,77
Josef Strauss,"Ohne Sorgen, Polka schnell, Op. 271",5Sc05HxzSAEKPSkwaXSmQ9,19
Bo Burnham,Welcome to the Internet,25AvaE23MXl06YRtQcQoJS,82
Carl Millöcker,In Saus und Braus,4c2QQx5DLH7jh4pO2DWZNW,18
DaBaby,Red Light Green Light,1YDebgap5OFwXEBG18NJvy,77
Klaus Doldinger,Tatort - 2021 Remastered,7mxj72bkFOtNlPKaBwRrB4,13
Justin Bieber,Hold On,4u4NyuceXP7Uzh7XFJKCr1,87
Van Der Graaf Generator,"Refugees - 7"" Single Version / Remastered 2021",5iv8aqV1uisBn7etB24Bov,12
"Tyler, The Creator",RISE! (feat. DAISY WORLD),4Hta7Oy5W9HD0UgT1P8PPV,77
Barock Project,Twenty Years,1AEWNXVXZzmjM3AMqwJ2Iu,12
Doja Cat,Woman,6Uj1ctrBOjOas8xZXGqKk4,77
Workout Music ,Bang! (Cardio + Running Workout Mix),5rEjKaIQZLrD58PNpCXou6,8
Doja Cat,Get Into It (Yuh),0W6I02J9xcqK8MtSeosEXb,76
Riccardo Muti,Neujahrsgruß / New Year's Address / Allocution du Nouvel An,55VqxXi21UxYikKbrMXv54,15
Dan + Shay,Glad You Exist,472vIK1ldetTxRxG3ovaiY,80
Johann Strauss II,"Furioso-Polka, Op. 260",1rPAhbzCFmEKI1CwWz8L30,16
OneRepublic,Run,2UbVnbE5FH6008mAm6Mmgw,89
Johann Strauss I,"Venetianer-Galopp, Op. 74",2JiapUhhbwvqJzA8WmNV4N,18
Morgan Wallen,Wasted On You,3cBsEDNhFI9E82vPj3kvi3,78
Josef Strauss,"Margherita-Polka, Op. 244",731HF4LtmtLXg5uBmrZU2R,17
"Tyler, The Creator",LUMBERJACK,64v1g2HcPumBz2Wd1rT56b,81
Johann Strauss II,"Im Krapfenwald'l, Polka française, Op. 336",20X3HiWyrMgsLMQYxdeWap,17
Doja Cat,Need To Know,3Vi5XqYrmQgOYBajMWSvCi,76
Ne-Yo,Let Me Love You (Until You Learn To Love Yourself),7wZuDbQw9JY9g5I9923Ohd,6
Riton,Friday (feat. Mufasa & Hypeman) - Dopamine Re-Edit,4cG7HUWYHBV6R6tHn1gxrl,94
Mysterious World Music,Beauty of the Lotus,1h7ZM2aWhaUBos7P0Fs0OJ,9
Doja Cat,Been Like This,7y3xU9vEC1s8DSuuoSYKih,75
Sicko!,2021 (Graduation Year),6JCEIGoAJdMthmvgBn3aNE,4
Doja Cat,Payday (feat. Young Thug),2HolBGR6tpiWI80MXoV1dJ,75
Khemarak Sereymun,Happy New Year 2021,2JVf5uijE9TGWatNeuTJD6,4
Doja Cat,Naked,0CsR9Y9SnC6ZWmekmVqSHz,75
Workout Music ,Positions (Cardio + Running Workout Mix),5bDJ6hZrlU3Ao8vKXTOqIq,8
DaBaby,Masterpiece,26UxwWl9xCb83OynXELJcL,79
Workout Music ,Savage Love (Cardio + Running Workout Mix),6kpeYM77vAAlw7dYY0g0Om,8
Doja Cat,Options (feat. JID),1ayV64ur8VWgc6OPtPRl1q,74
İstanbul Music Box,New Year Set 2021 - Live,7LfAAZglqU2E2L7GhGyc1u,7
"Tyler, The Creator",SAFARI,09xpQPfKWdio1wx6v17dGa,76
Titobeats,Happy New Year 2021 - Instrumental,05l9VYIDq7lYaAw6HxQBVl,2
Doja Cat,Love To Dream,6Q9IUoBTNLHgBib1FSFGbj,74
Animal Years,Talkin’ to You,6E9PnUSiYkcBFYBvQNsTTw,11
Galantis,Heartbreak Anthem (with David Guetta & Little Mix),5K6Ssv4Z3zRvxt0P6EKUAP,89
Funcc.,Best I Can Do,2A0rT5KgnVWJuFY455etSo,8
"Tyler, The Creator",BLESSED,2X5m6irq8boS50Efx4oWew,75
Funcc.,Etched,6QuOys0yAV9sQo1epby4sj,9
"Tyler, The Creator",MOMMA TALK,2HrRwAKgIzjTeuKoaj4akH,75
Kaotic Chemistry,Jupiter - 2021 Rebuild,0BryN3TZQSpsZnAo3VD40g,8
Moneybagg Yo,Time Today,0YrKSfpvflYnLSBd4Jtu6J,78
Johann Strauss II,"Stürmisch in Lieb' und Tanz, Polka schnell, Op. 393",3pFONpfEqLegAj6klDDQFM,17
Polo G,Black Hearted,25qk9xa71F1POdI4vj7rbi,80
Lady Gaga,Just Dance,3eMhCTIYsK4pVMWPEnDQ2D,9
Doja Cat,Imagine,5CC5krEgwJXuoA0F9scOFg,72
BigBankCarti,Snot Thot,3MZ6J3lqRpSKX5lmbSaQVn,3
Gera MX,Botella Tras Botella,2MnLkFqY9Rpg9s3Zv6ZJdK,91
Coffee Shop Jazz Relax,Jazz Piano Soundtrack for 2021,55eMKwKi9afI9eNDovuMPa,8
Doja Cat,Kiss Me More (feat. SZA),3DarAbFujv6eYNliUTyqtz,77
Coffee Shop Jazz Relax,Number One Ambience for 2021,61lYjBOuvruLRo6DTt6nvH,8
Calvin Harris,By Your Side (feat. Tom Grennan),0vR2rIVORmgeKiGIgNT0fV,86
SuSu Bobien,Pride!!! (King Tutt Remix 2021 Radio Pass),40kVPUIM3BgUfzy4dmhZHE,0
Doja Cat,Alone,45Nc6nYgV3yBvAeRaZt689,72
SuSu Bobien,Pride!!! (King Tutt Remix 2021 DJ Pass),6eLVfZjTPWjXHbOT7VEeM6,0
Bo Burnham,Look Who’s Inside Again,7d8dqy6GbiUqotcTSs0jXg,80
Tinnitus,New Year Raindrops,0R7LyWpuZyiBSUwkKeBAB1,0
Migos,Modern Day,2Igem6Q4sfvXGJ3JkG7Baw,80
Tinnitus,New Year Raindrops,4hUYZJixvhCgTDQ2WHFOFQ,0
Ashnikko,Slumber Party (feat. Princess Nokia),11ZulcYY4lowvcQm4oe3VJ,85
Workout Music ,Dance Monkey (Cardio + Running Workout Mix),3l0kXPzghY1QBFEjTCFBGE,7
City Girls,Twerkulator,2Ty7EDf9XLYzEUqEIwJfDC,78
Workout Music ,Holy (Cardio + Running Workout Mix),5cPGbdhn8f2g93ahuZeHok,7
Morgan Wallen,Sand In My Boots,0uRrG2jRR5tuifsYIJHEao,77
Workout Music ,Dynamite (Cardio + Running Workout Mix),57rSgovzvnDRUxx3S8vptn,8
Jhay Cortez,Christian Dior,4jOBQxq4Ffd8DDrsN4wPOR,82
Workout Music ,Rain on Me (Cardio + Running Workout Mix),3YCKr4hl75dPa0s1aEFrtN,8
Rod Wave,Richer (feat. Polo G),7HsjuVBM93Z2RoxjpWLgTT,78
Workout Music ,Midnight Sky (Cardio + Running Workout Mix),6Idum5xZGpi5XtdaaYijda,7
Justin Bieber,Anyone,06l09dfsEnEFdTBf3SvyMc,0
Workout Music ,Memories (Cardio + Running Workout Mix),4P6AmXmdBRejPAOEAcMyn7,7
Justin Bieber,Die In Your Arms,07jF1COl0xdEcV9aiLtFPL,0
Workout Music ,Watermelon Sugar (Cardio + Running Workout Mix),6IXIH9tCXSCIszopK22TX4,6
Justin Bieber,Anyone,0eB5EfQQZrb7QKyGX3lDif,1
Workout Music ,ily (i love you baby) Cardio + Running Workout Mix],3Bbcv3oDNCR0RQuvAsC0al,6
Justin Bieber,Love Yourself,13W2vZP0BgzOgvgnSXM8kp,0
Workout Music ,Wonder (Cardio + Running Workout Mix),3SupNkFBy6hvWhVAbChcnc,7
Justin Bieber,Anyone,1PCvs9dJ8fjS3BpN6b0C3A,0
Workout Music ,Lose Somebody (Cardio + Running Workout Mix),5pYC8zTExjCyNebvmrXIij,6
Justin Bieber,Hold On,1shUlcAN8DrqcZlfv8Dpn9,0
Mindfulness Meditation Music Spa Maestro,Asian Vibe,5w8tgIWyZSpK70HHJjjlsA,11
Justin Bieber,Hold On,1vgPBxY0RhHFJhMy6ZEkHi,3
Mindfulness Meditation Music Spa Maestro,Theravada Meditation,69qCyRWc6wdHfkGtGIW8rE,10
Justin Bieber,Holy,1xwUNBI15ElQQfMIxLBdpX,0
Chinese Relaxation and Meditation,New Years Eve,2JovPrtWdFFPKtX7Nyhi0a,6
Justin Bieber,Hold On,23jWSTkVjCsMH714BOIH4Q,0
Mysterious World Music,Last Year,7qzF2z1R1YQc5BhZPefFC0,1
Justin Bieber,Hold On,28MuNmtUYRoDFQ1UPb7CNh,0
Coffee Shop Jazz Relax,Incredible New Years Resolutions,3YOBlzV4i2E3X1EdE1o0pP,4
Justin Bieber,Yummy,28sCNRRyA6N82GjFSZAXtk,0
WoT Music Team,Magic New Year - Version 1,5AbmKND6U53QrWJUrfC4YT,5
Justin Bieber,Anyone,2J3tYAL8n8BBRjg6cTWWGn,0
Jorma Kaukonen,Too Many Years - Live - Early Show,00ZVosTjoBiBNuk6gwXU7v,3
Justin Bieber,Sorry,2SPKzwjGOi4sJEVgjlKCy6,5
Romy Monteiro,Het Duurt Nu Al Een Jaar (What's Another Year),6Ib3shbhEufj0brhIcymuV,37
Justin Bieber,Intentions,2V59u9VfPLoT4ttq2PpxZB,0
Coffee Shop Jazz Relax,Friendly Jazz Piano Solo - Vibe for New Years Resolutions,1f6VxCiiAmzOpcXXo74vX4,4
Justin Bieber,Love Yourself,2eQ3DXqfLjP9Eqy8VoPW30,4
Years & Years,King,3FppgRzM3Jq6TGUQGCjsHk,19
Justin Bieber,Anyone,2gWCXtqfMrg3fVxUXWxfGP,0
Year Nineteen,Cinderella,2t53kz6w6UfDogTk31RSuS,7
Justin Bieber,What Do You Mean?,35LcOpZfxCQpzKgvnTcws6,0
MIKA,"Relax, Take It Easy",6XeXouPlZ5JF31KSQIwqu0,9
Justin Bieber,All Around Me,35bDcmadDaKXMBlX9cTLx9,0
Topic,Breaking Me,22EFwJbro1F41u4SD6ZiTC,5
Justin Bieber,Anyone,3DquaiwZedJ2Ifh96pR4wr,0
Maroon 5,What Lovers Do,24mNMaxyc5gwumgdKox025,7
Justin Bieber,Lonely,3jFLUvG23wj5cQLhtbpyDx,0
Mysterious World Music,At Sunset,5KrWZJqteSTUpoHmY84G4d,2
Justin Bieber,Sorry,3ufzPoNZLUJMXRPTbKmpNv,0
Mysterious World Music,Guardian of the Sea,6mpvRPFvsWWn326jiYhVJw,2
Justin Bieber,Get Me,40blURcGl1ijJo1GMGyJn4,0
Mysterious World Music,Fifteen Days,7MyQFM9GMzgm7SIZtKBSEe,2
Justin Bieber,Intentions,4EH3yX8XWzT4eXLkJ8rlnU,0
Mysterious World Music,Dance of Paper Dragons,2ZkzI5LM54WLTsrfkffAo8,2
Justin Bieber,Sorry - Latino Remix,4EyhYKesjE6klTBph0AsvF,0
Mysterious World Music,Heart of Nature,6IokAreSLb7my5A6YgSYyQ,2
Justin Bieber,Catching Feelings,4MfArhqSeSF8ga28xu7AsP,0
Mysterious World Music,Colorful Lights,7fro6vyclNNvph6Hp3AYMt,1
Justin Bieber,Intentions,4y3ymwotcDINf8mJZEa0mc,0
Mysterious World Music,On the Feast of Spring,4cFLnfrFWucUdXvhiaZZ6p,2
Justin Bieber,Lonely,53cdt8maIHB92mClKuziv2,0
Mysterious World Music,Away From the Crowds,5wfONZXHCFSlfk6C1rNgOZ,1
Justin Bieber,Peaches,59Gn9DETTiZWBRzRRx9Vfl,0
Ankur Tewari,A Aa E Ee,2ufnIiDkxOdM8zKrN96kmv,17
Justin Bieber,Peaches,5JYYAjuhaEQ33oniVXrN1W,4
M!LK,君の知らない世界へ,05SdYXG3czjV464VA8kudn,18
Justin Bieber,Intentions - Acoustic,5M0tqmuGQ48guPNJIBgQ2z,0
Workout Music ,Despacito (Cardio + Running Workout Mix),2dCxp1LIwSBivuMnjNWGVU,4
Justin Bieber,Anyone,5TaupFG8ntelURJYjdNKNg,2
Workout Music ,Dancing with a Stranger (Cardio + Running Workout Mix),0KLLOjxDm0ZWgDb3KGDfNR,4
Justin Bieber,Holy,5fW46EFq0iBi6mxMM22Bjz,0
Workout Music ,The Champion (Cardio + Running Workout Mix),5kxSz8FAXZeMp9QWzCDCfe,3
Justin Bieber,Yummy,64hS9FJZUlryXNskBzEZwd,0
Workout Music ,Shallow (Cardio + Running Workout Mix),7shuIKpl2ByKxrOmAt1x7z,5
Justin Bieber,Hold On,6J8yDZcpg6Z2vk00HAlo6u,0
Workout Music ,Never Really Over (Cardio + Running Workout Mix),3TTbCXQwpjPYgqxxtT8iob,4
Justin Bieber,Get Me,6Mjn363eKxPjA1yBhVlMIg,0
Workout Music ,RITMO (Bad Boys For Life) [Cardio + Running Workout Mix],3taPYa26WtTiLqXXRny4SU,5
Justin Bieber,Hold On,6MnX3XIIqz9F58zv19XMsb,0
Workout Music ,Stupid Love (Cardio + Running Workout Mix),2LZCdrfchanwiDJJHbxlyy,5
Justin Bieber,All That Matters - Single Version,6Mtykp1UOsmIzDJt3Y9ol2,0
Workout Music ,Breaking Me (Cardio + Running Workout Mix),16d4SmtqHcZLvLjZxF4doc,7
Justin Bieber,Holy - Acoustic,6OHRdhkVSRmJbWLIMBwubK,0
Workout Music ,Levitating (Cardio + Running Workout Mix),2eamEDqwC14nldjyUQXeAp,6
Justin Bieber,Peaches,6WSVE7xEHcahv63UtSt068,0
Workout Music ,I Love Me (Cardio + Running Workout Mix),55h8oFrmjMzDFzTljS20CI,4
Justin Bieber,What Do You Mean? - Acoustic,727fJm3FMeB0ppAp6JChfg,0
Workout Music ,Be Like That (Cardio + Running Workout Mix),2NcfUcMqn6dz3WjZ6twwyx,5
Justin Bieber,Boyfriend - Acoustic Version,7LE6UnyVW5ehDbz15VrTWD,0
Workout Music ,Sunflower (Cardio + Running Workout Mix),1YLDK6QD0BI6JuIF63CC0p,4
J Balvin,Qué Más Pues?,6hf0RpxTbOprT5nnwzkk8e,94
Workout Music ,One Thing Right (Cardio + Running Workout Mix),0O62iD4DAtUMuHxlaDHVp4,5
Don Toliver,What You Need,6LcX2hBbXaJcK4AuefE936,79
Workout Music ,Don't Start Now (Cardio + Running Workout Mix),0loStgq3ZTyTqxG41D4HIG,6
Regard,You,2cc8Sw1OnCuA5bV8nqWqpE,85
Workout Music ,Beautiful People (Cardio + Running Workout Mix),0ldhrVnTdwGmXz3W6QXLKO,4
Morgan Wallen,More Than My Hometown,5OELUCYgOHKFAvCERnAvfS,76
Workout Music ,Come & Go (Cardio + Running Workout Mix),1CvDy4T7biVLz8uxrQ8J81,6
KAROL G,EL MAKINON,2FSGUA0gFgGeQdprjtGM2M,91
Workout Music ,Circles (Cardio + Running Workout Mix),4LF6ufQNNFTE9iX6Yibl4i,5
Måneskin,I WANNA BE YOUR SLAVE,4pt5fDVTg5GhEvEtlz9dKk,95
Mindfulness Meditation Music Spa Maestro,Concentration and Focus,3bFUgYgGPoORsMHMtgtDVO,8
NLE Choppa,Final Warning,3LVcKphzONOdQ2EATazlZq,78
Tai Chi And Qigong,Once in China,1gHbiQOW1vrKox4TouA4fC,4
Sebastian Yatra,Pareja Del Año,2rCbl9naJYhaxjLsfx88uM,94
Tai Chi And Qigong,Beautiful Chinese Morning,20jze4eITAh3wXfk1O5cmX,6
J. Cole,l e t . g o . m y . h a n d (with Bas & 6LACK),0GAyuCo975IHGxxiLKDufB,79
Duck,Year 2021,4cdcFyEEr2g74eM9m8XohF,0
SpotemGottem,Beat Box 3 (feat. DaBaby),6toQdWWc4noiOk3Eo5mVDS,78
Arnold Onea,YEAR 2021,1tSKyM7Sl77WBCp0Ha9mUi,0
Kelsea Ballerini,I Quit Drinking,6OcCk1dbAb7XNHsC098oEM,79
JuniorDaWeirdo,2021 Years,64lttE39LoYMiqHsBsptU5,0
J. Cole,1 0 0 . m i l ‘ (with Bas),4n6NDfYake476trCjJRNl0,78
Craze_Returned,Year 2021,65hIZYAYu3fxltrGK6frIn,0
Tion Wayne,"Body (Remix) [feat. ArrDee, E1 (3x3), ZT (3x3), Bugzy Malone, Buni, Fivio Foreign & Darkoo]",6uvMKqNlrSvcC4NaKnrwjZ,90
Nick Knotty,The Year 2021,32FRiWlsei71mC9br82YlU,0
Polo G,No Return (with The Kid LAROI & Lil Durk),6ENkbZAv9v4WeQ4SmBzjt1,51
Lilsavagedj,New Year 2021,5XbMTb0yxQSVo3pw5P7DjB,0
Polo G,Painting Pictures,7129JLbA5xRGAvoO3Ui4Ux,46
Mr.Kitty,Years - 2021 Remaster,4S4ZY1yKo3WUtzsg3O6hcf,0
Polo G,RAPSTAR,5YZlTyErRTk3wjfgu5lQGD,43
Prøphêt,2021 My Year,6IHa5Ax9JKi1lPhnTcs4ER,0
Polo G,Toxic,4y2ONVIBNXNeRnnEEaRI3c,43
Yournalist,New Year 2021,1fg7CNilCkyt1iMZl0y8Au,1
Polo G,Black Hearted,3xvVykt7JCN5mKHFovyTBE,43
Mouli Bheemaneti,New Year 2021,5c39tQ4dheTkUi5O5oE6UO,0
Polo G,Epidemic,0M7e4nACMbEkbLxSmRWYb4,42
NOIZ,New Year 2021,1H25P0ASmAz4NMmfa000aG,0
Polo G,GANG GANG (with Lil Wayne),4sG1ZGLls6h3HRoxOUe0dH,41
BigT,2021 New Year,3FzCLzXdPR0lu6KdU4wxoB,0
Polo G,Party Lyfe (with DaBaby),5f2RcnvtRQgh88tseBnJMZ,42
Cowboy Nemo,New Years 2021,0QcmUGLg4FSn3cJRssGMYK,0
Polo G,Boom,3mh2s6JIJIuh43MxWbKhlJ,41
Roodi,New Years 2021,4wnlu6WhUcbpZjfTEU3Kmv,0
Polo G,So Real,05q5Q8eoZlvgugh8FLJW7Z,40
Dannymusic75861,New year 2021,6Sd1bgJmFRTAAZmYnRuyDb,0
Polo G,Broken Guitars (with Scorey),4a8WQ0ksapwx7PQ70xMKyk,40
Kei How,2021 - Beautiful Year -,1Xw36gmaU42Xh0KhIDPppe,0
Polo G,Heart of a Giant (with Rod Wave),0VdDiX1TcXGRYSkqlH5NqI,40
chnmvk,2021 New Year,3hNagTyp0lzv2dBI2GSzH8,0
Polo G,Clueless (with Pop Smoke & Fivio Foreign),30yG4pHXbE7v5TKwwyPXrz,40
MostlongRiver,New Year 2021,5DVW9M8dg9zifjoEVYXb5x,0
Polo G,Go Part 1 (with G Herbo),02TkCDM91T8shhX70Q4HV7,39
xxrichbeats,New Year (2021),6G7Gtq7ymFvYuqcJSAW9cA,0
Polo G,Bloody Canvas,0ue0oJZh9sZmcqEbX32dcL,39
Think Fast!,New Years (2021),7dgQZsNWAkQiMoR0TborAg,0
Polo G,GNF (OKOKOK),2PvY2uen1cN4psaeIq4iNW,38
Banc Champagne,New Year 2021,0QdTYExlsPJxj1lkPVwNMg,4
Polo G,Fame & Riches (with Roddy Ricch),2t2Ouf2pB99uurvbiyhXTK,39
WaynEZ,New Year 2021,0gsKWsyeyph4r0mGwII23n,0
Polo G,Zooted Freestyle,6sJtMO2pfr0byqMyUSsIYA,38
Charles Calm,New Year 2021,2kH0rgRrULNhpMFGo1ucvR,0
Polo G,Losses (with Young Thug),15u7r5MGXmcfoXNX1cgo3Z,38
Legion Zoe,Happy Year 2021,54iaCLj0jZJhFBSUuKqXRu,0
Polo G,For the Love of New York (with Nicki Minaj),4n0kwRhdTzgJ6UiVMIQh2i,38
Abhishek Lal Yadav,Happy New Year 2021,2R8z0ZrEgPs9vJPVazKAma,0
J. Cole,a p p l y i n g . p r e s s u r e,1d7q712nXjG98HiwHk7HFS,78
Hazmat the Happie Hippie,New Years 2021 intro,3RYEGzGL4rz7AxLNHa3pTK,0
Nio Garcia,AM,2dNhNlpZAtV4lwAFW45LIv,92
Flairs,Golden Years - Remastered 2021,49ET5mSW2EzFh7q6Iq3kCC,0
Doja Cat,Ain't Shit,2VT56hhAcF0D3lGx9PUthf,67
Abhimanyu Singh Kranti,Happy New Year 2021,0n6INUXrqnvLExZGiO3x3t,0
The Kid LAROI,WITHOUT YOU (with Miley Cyrus),1EHUQesfVKwbthtNcpBi9g,84
Swapan Biswas,Happy New Year 2021,2QPu7uli6b1pIY0VcvTmXB,0
Bo Burnham,Shit,2xQShwyOMYlX10w8dxbFX1,78
Aok Sokunkanha,Happy New Year 2021,0p31Wv6pL4s0RJskURMTYT,0
Doja Cat,I Don't Do Drugs (feat. Ariana Grande),2HzPCR7K0RR8nutu3l3QtN,67
New Rise Nation,New Year Declaration 2021,3TiGr4dUYTw3W4oLjU5dbr,0
Doja Cat,You Right,0IakguBBeTUsAILmugkEam,70
Intergalactical,A New Year 2021,7J1oIXHwn6BcDnFEKb9NKF,0
Kayla Nicole,Bundles (feat. Taylor Girlz),3QqYZWQLn0evKMIRlGJeeR,80
Guitar66,Stormy Years (2021 Remaster),6PUFcyU7JDGuUEZbQt6Gxo,1
Elle King,Drunk (And I Don't Wanna Go Home),0QULNNd9z5s35entfiiXoa,76
Emility,Happy New Year 2021,0nqrvJDtHaqKGqNfuGrNuT,0
Doja Cat,Woman,1M3XB6EUPUZy58Aqt6zbKr,66
DJ Nick,2021 New Years Mixtape,4ezNE5ZJaD9eur2N8HutRV,1
Doja Cat,You Right,7Me3GKpQyEsHwS9xnOrUgM,67
The Incredible Murph,Happy New Year 2021,6KJUojJpNMBao1YEugUkPb,0
Doja Cat,Get Into It (Yuh),0FYc9DIr89rbzt2WJMvyou,66
KingRaBeats,2021 New Year Bounce,7qvebNi49PXogFdjeP7QoW,0
Doja Cat,You Right - Extended,4rmwWGh87KY0ouByBEh1zC,66
BIG BLU RAGGG,RAGGG FOUND YEAR (2021),0yY6G6gbjJMJPCqDViMD1Q,0
Bo Burnham,Goodbye,6tfPsgvkgbGHWGwq2PpzCI,78
RasTafari,2021 IS MY YEAR,1S03c3XwMwMtPButHfpfBk,2
Doja Cat,Need To Know,6G6ykEzZ1r7V1qrmNdBOVV,65
Yu Hayashi,Lucky Year - 2021 Ver.,1yrobR6TANv158Id058sSB,0
Doja Cat,Up And Down,1uQ1TZ9YIWCtBTgq09uoix,65
Milky,Happy New Year 2021,6a2qQf95JWYMrNi1uBbK8g,0
Giveon,Heartbreak Anniversary,27tDoZsybt3KvJWTDoW9id,80
Cameo Bobo,2021 Is My Year,0lb12AXahSi5OzHmp2zdCd,0
Surfaces,Wave of You,5Ne1q9Hv3l2NHBA3Agt8WT,78
Don Ditto,2021 Is My Year,3NLl92G4nXDuAcR1hPMnEi,0
Dream,Mask,3IxMaULfjq4IT2IN6v54PB,80
Prad Kc,Happy New Year 2021,4TdwBbrxYm8UXGS3vg9noF,0
Doja Cat,Been Like This,0GU7GSh1Ri0CKOe7fseiR1,65
Mr.Klauzer,Happy New Year 2021,5jwujEiLq0UCzBVq12ysoF,0
Morgan Wallen,Cover Me Up,0mKnuxVkPi5h0kuvZl44VM,76
WoT Music Team,New Year Collection 2021,0oWhTLSV2K0NbGzEzK1VuB,1
Doja Cat,Naked,7E01yTzdhlzS4H4rH2k7HH,65
nov,New Years Jam 2021,1Gzc9PNVAqUu2IMclHYB64,0
Machine Gun Kelly,love race (feat. Kellin Quinn),1F9kEuwT29fgqlovIclu81,80
2.99 RECORDS,Happy New Year 2021,32XN8UyNYQQxOFIy0GmbGl,0
Doja Cat,Tonight (feat. Eve),2rokN1FX25tFt7vPTFi5lB,64
Lil Antonio,2021 New Year FREESTYLE,17l4uNv6W6bV7xeFxP3AO2,0
Doja Cat,Payday (feat. Young Thug),1pdTHjkIgxdWodGpi9YJ5d,64
Cult of the Lunar Shamans,Lunar New Year 2021,5GtxALU8HZB0gmbmHM4wX0,0
Doja Cat,Love To Dream,0bOgWId7cFqBEKnlZct2q6,64
Anand Chanchal,Happy New Year 2021,53NT6t82I1gfV1HpWIzc6W,0
Doja Cat,Options (feat. JID),5MkBYMZGDWAKLHAJesZ6MJ,64
Zen Groove,New Year Chillout 2021,1GcB9CLg3HiIcoPuh7XHH7,0
Doja Cat,Ride,4jw87bP3TuCGm15g9kc64g,64
Khushboo Uttam,Happy New Year 2021,4zjL6yZ8lqhkzI7q9fNoEy,0
Doja Cat,Why Why (feat. Gunna),5OQnuRwGJTDwk4PNq21Som,63
GabeGon,New Year 2021 (ROUGH),7eU8BOYjyat1yS1I16KqjY,0
J Balvin,Peligrosa,0BlDYaxhKi0RGOp7mioYvT,1
Tachibana Mikuru,Lunar New Year 2021,7fWoRF49sj8Beqa6cSyEPQ,0
J Balvin,Tranquila,0FDUjVFVYAWhSEOs31odjI,0
Doctor Fantasy,Happy New Year 2021,3ij8qIzoiyuQ86VSmZ00Lc,0
J Balvin,Ay Vamos,0G4siewUaiiKsrlVD4VSQM,0
Right Direction,Another Year - 2021 Remaster,2lmcovhFGVF42shnMXJObY,0
J Balvin,Sigo Extrañándote,0NFF7jAJEnBtN9bg5sSshf,0
Nikky Philip,Brand New Year 2021,3jrHGf52PtwkAlTsVt3gpE,0
J Balvin,Acércate,0PEi7yOqnoqBn3AyKq4Wxf,1
Mr.Klauzer,Happy New Year 2021,2UAPgsgsGTAXo9CA5ysHng,0
J Balvin,Blanco,0Q2G0FSndiTVysRilVyCNp,0
Sudarshan Senthilvel,Rocking New Year 2021,1JKCoQBfkF6avEcUvc1XAV,0
J Balvin,Positivo,0QoNJCsxZaUv08U5ib2lds,2
mousseur,Happy New (2021) Year,6GsGcyRqy5O0D3uEWuNVzl,0
J Balvin,UN DIA (ONE DAY),0VK0GLgKZLfelwgyBESbhN,0
Khaled Munna,Happy New Year 2021,151WPQP3Ves0Ns8lW5i8qy,0
J Balvin,Yo Te Lo Dije,0XFhdQzcU6dfyWErXOe48J,0
Emility,Happy New Year 2021,3Cn4jqUeRbULbQJswQ1U4p,0
J Balvin,Sin Compromiso,0Yfv4MVNWpKYZiof7EKfmK,2
Intergalactical,A New Year 2021,50nnvboerutV7xcV5C1unY,0
J Balvin,Ginza,0YrIDuEBuzELTsWDTbwqTF,0
English Languagecast,New Year's Resolutions for 2021,3Jtfae7mJODoktxBd7Axu5,8
J Balvin,Ay Vamos,0faN5gHIkncvwHkpgan8dG,0
Avenue A,New Years Day 2021 . Bernadette,6fXEkEFoMo7WqxWbuvETBV,0
J Balvin,Peligrosa,0gK4M9I8y8sTeiE4bndvQ4,2
FAKE ARTI$T,ნამეტანია (Zoommer New Year 2021),2qaDSk9MnWcXtnwXafOQ40,0
J Balvin,Sigo Extrañándote,0kOzUtnslw4zMGQyaJtHWW,0
Club Killers,New Years Eve 2021 Countdown,2CKcnKJOTVi7TjjQPpoqGD,0
J Balvin,Sin Compromiso,0m5gmvFGsqq1hGDemVxypp,0
Maya Gurjar,Happy New Year 2021 Padhvala,2zngQm00NRGpNBSiDQQbAR,0
J Balvin,Azul,0pAmAwFcqHpf6i38f1J87B,0
Marflex,Bad Christmas (New Year 2021),4Bt2MB3gdeAtZx2Tl7BAsf,0
J Balvin,Azul,0toZAUCtlzPpSbO4HrYVi6,0
DaMarcus VanBuren,2021(New Year) - Instrumental Version,5Eyw7xJLps1gMGMUYjwioT,0
J Balvin,Bobo,0veFbfFvZ8GpGqIPZV9pTo,1
saku_newmoon,2021 - Year of the Ox -,5um7BL3aeNsjGXQ6Hu1G8a,0
J Balvin,Reggaeton,10bYDMMQzQ3Kjl6EY7077S,0
Sprime,"January 6th, 2021 (5 Years)",2N8WwILWSsRKcQLqD53HTE,0
J Balvin,Bonita,11zmH0zTqeAajtZrxBJX04,0
Abu Elektra,Dreaming on the Year 2021,5hnTAhJKd8exBkr5l7FLB2,0
J Balvin,Ginza,1OlgtZEf7IvSHlr2TZyyTh,0
Holocron Music,Happy New Year 2021 (Fireworks),3DtnExfxTbQp0J6hJx0DzV,0
J Balvin,Ginza,1RRSpJsINM6hevqaFzP8qC,0
Sam97,Year of Wonder - Winter 2021,7JRSFzsjloaF0AvMhE3QNA,0
J Balvin,Tranquila,1TQz15Xxk32KA1nDWLwijf,0
Phervor,Year of the Lord 2021,2bOHTaskEDMkjg0hOrWG2T,0
J Balvin,Safari,1ThenA3iAC5CQbND4pnWQP,0
Yung King,2021 Will Be My Year,0xk1njlDBNli3KEjaNAZJu,0
J Balvin,Ginza,1bFQg60j3DLWrVcN0qTt26,0
Deej Zukes,Weekendt-Mix HappyNew Year 2021,20uz4Tou9cRE3D3SyQuRR5,0
J Balvin,Safari,1mC1Ll1X96UsunSLvLPyCq,0
MS2020,Departure into the Year 2021,6s0PloqRbr1AeNS6mzbg2J,0
J Balvin,Sigo Extrañándote,1moXgQdFavogqZANB2lJOC,0
Club Killers,New Years Eve 2021 Countdown,7A5mhBL43yMWe6TyjF4j5U,0
J Balvin,Rojo,1r0v05Pjx2oAR1Ss5YN9mQ,0
Michael Jazz,Smooth New Year's Jazz 2021,6bbnHo2Fm6Wuf8Cxr9sEIx,0
J Balvin,UN DIA (ONE DAY),1vT9fNQS90tvA6eOauTNpf,0
Hemant Joshi,New Year Dandiya Fest 2021,4j7HKxt69qSCUhWtVPC2DZ,0
J Balvin,Safari,1zl71DvoTOChyFpXpSwpen,0
November Suite,"New Years, 1 AM, 2021",5PeozM4sTLZJuNqhWSOMBX,0
J Balvin,Safari,21yyPEHjnSYXDbCqhz9spq,0
Til,YEARFIXZ2021,6ZiQ8iknBC7l3khSa4I4im,0
J Balvin,Tranquila,226EOYhkuidaWDhabDMu2B,0
WoT Music Team,New Year 2021 - Hangar Theme 2,1W6U6UcEZsPQrQenY2Sd50,2
J Balvin,Ay Vamos,29FrFEVmpREPhozhvOmsOQ,0
Franck Pourcel,What's Another Year - Remasterisé en 2021,1a72C98RsUBG4s6R1DZPLE,1
J Balvin,Safari,2Jtg773M0Xda1MtZaCVMJZ,0
Shikha Singh,Happy New Year 2 You 2021,5ErfzWY3zfzI9Csqr1Ue5c,0
J Balvin,Safari,2R20JqcHcKmXG0PmpCbHdH,0
Mikey D,2021 Happy New Year Year To Everybody In The UK,5P9j5ygnI5P625a0HbASgn,0
J Balvin,Safari,2SNzohRnRFV7SOCRurVsUU,0
Anthony Rausku,All Through the Years - 2021 [Remastered],2EH87hHvNBVNQapavJJ6nw,0
J Balvin,Sin Compromiso,2UXk1Z1n4krMy1YN8OHcFr,2
Iwil.Iam En,Year 2021 (movie dialog) space optimist,3U6Vwzayr49vQY9kZUAVQS,0
J Balvin,ODIO,2lgKiggI4g6ntTP22mDiCO,0
WoT Music Team,New Year 2021 - Hangar Theme 1,3LlurG5ZbBQQn7YO6SJP9t,1
J Balvin,Bobo,2pb5SysURwflWwjwnrjFEA,0
Ronin705,Afraid FREEVERSE (HAPPY NEW YEAR 2021!!!),4rexm6RveEMz1fDgqBKnN9,0
J Balvin,UN DIA (ONE DAY),387gzzVVhYbjTBbjxh0Drs,0
She77 on the bea7,Piano Type Beat .Year. Instrumental 2021,6kyTWdpNwouYNNFdK5ng62,10
J Balvin,Safari,3BM7rff7wXQvx9XhdzCfQG,0
1Body Entertainment,2021 YEAR OF THE DRAW IN,77JJdiGgzck44Jjt2Y5v4s,0
J Balvin,Sigo Extrañándote,3NgKRJEhIMKdnvtuy6uTas,0
WoT Music Team,New Year 2021 - Hangar Theme 3,0GUglpKqzRdrkNiaU3iCTP,3
J Balvin,Safari,3QeQL3LyUawFqJt5W2vIUD,0
Big Maus,2021 Is the Year for Me,6AgBsgErradzeCCTkfi64E,0
J Balvin,Qué Más Pues?,3ZfoCYnQeZaywAiwZXjjpQ,0
Nitish Raj Yadav,A Sona Happy New Year 2021,0KqBLiwMKvO4qQ8FbNTp8A,0
J Balvin,Safari,3i0gvPkqjDttm3wJN1Swq3,0
Himanshu Janiya,Jaan Happy New Year 2021 - 2020,7t0pZjW5fx6uJw4pamG2LH,0
J Balvin,Qué Más Pues?,3iMRhCgp1tvLa1YNoUCfwN,1
Naijaballan3,Your YEAR 2021 Expectation Miracles Praise,10jhgDZqUUqpX7rtZYsELy,0
J Balvin,Yo Te Lo Dije,3ii6pgYzzKZl7wawd6iV9Q,0
Pewdiecake2music,Happy new years/welcome to 2021,1W6KQtXA4gtTTD3JNzojvn,0
J Balvin,Bonita,3kkguJoCEly51UWI3dvPfx,0
Ammon the Wind,The Year of the Sun 2021,3Hrc9vmrmhJMFu7DGM7pX1,0
J Balvin,LA CANCIÓN,3lrqnhi6hEsgXG96uG2Pt3,0
WoT Music Team,New Year 2021 - Hangar Guitar Theme,43zVOOSZuJzvui6sHc12c0,5
J Balvin,Ay Vamos,3wDAU7rwTwuIgAE1DceJc0,0
TvaylatBot,Brawl Stars — Lunar New Year 2021,7qBq4ALFk6a8XFIK2QEZ2G,12
J Balvin,Negro,3yErL4UfJUTP1JuUAhpBHP,0
HONDALADY,Teenage Of The Year - 2021 Remaster,3461EyUqdORJQcbANXvcoA,0
J Balvin,Ginza,48EgmsrKxhERHCHgVBWDmd,0
Ashwani Roddey,Happy New Year 2021 Party Song,6C7Fd8DcvTWwHIP95Ph7P4,0
J Balvin,Peligrosa,4CsZdv9BQLNcH7MtzevYii,1
Amaranta,Promesas - Live Streaming New Year 2021 Remastered,4a3yabreuswHAECLPCW4OM,10
J Balvin,Yo Te Lo Dije,4DRm7D0h9ZWhO0aiBKQOEx,0
Lil Suave,2021 Might Have to Be My Year,5DSFgSpRORAIQ3hv9KMMTc,0
J Balvin,Sigo Extrañándote,4HHIPcaHLAcRpfjHOTv708,0
Xcaliber,Freestyle Session Pt. 17 (New Years 2021),6smLJ9EAwodLnJRAfTRhw0,0
J Balvin,Qué Más Pues?,4QAq8xbeNHKMnUSh3xzzyg,0
Was Goofy A Dog?,2021 Is The Year Of The Ox,4nPNMdKj6uTDbODkuBNhqW,0
J Balvin,Peligrosa,4TmfVNutOEAGj29YM7sokf,0
Lil Suave,2021 Might Have to Be My Year,54lLRre1SgpiFoTwjajyOD,1
J Balvin,Reggaeton,4VeBdUYL5NQFqSmt68lK5S,0
Ademi Studio,Astrit Brahja Orkestrale happy new year 2021,3FJyvCF2HGULNmCaL8YrXl,0
J Balvin,Mi Gente,4aYfCbD56NU6CcyaLw7InP,0
Prakash Jal,A Mor Jaan Happy New Year 2021,5752yFMXdozpcSxCeIQaV1,0
J Balvin,Bobo,4fknnLUeVYGlhb4vl3W1qN,0
Mr.Klauzer,Radio Merry Christmas 2021 - Happy New Year,49LyqNrsQ1YgUfii4okjrq,0
J Balvin,Yo Te Lo Dije,4gEmOuWsQTNHSDSklD3SlK,3
Edmel,Happy new year 2021 (Deep house style),5ixYQtkdyinKYoB4Cqgz0k,1
J Balvin,Sin Compromiso,4jMAlAmPZJFl88bczFA4G2,0
Mr.Klauzer,Radio Merry Christmas 2021 - Happy New Year,2tvxyB1YgLN8iQkiOrITV2,0
J Balvin,Sigo Extrañándote,4mF0L2c1GaNSKvpCu4myDv,0
Was Goofy A Dog?,2021 Is The Year Of The Aux,3YyRDmG8LuTL3LozDXlx20,0
J Balvin,Amarillo,4o4RRpXm9z1qlByvJmFloq,0
Amaranta,Huaylas - Live Streaming New Year 2021 Remastered,3YB6LhTJXTW52emwGKdIW9,9
J Balvin,Tranquila,4pJmIeHgexloLZ39T2HhfE,0
Choi Youngmin,"May 20, 2021, One day 10 years ago",1YToCZquCNbH53isqACNTh,0
J Balvin,Bobo,4x2zB8rkDXxB0MxTZdB9E5,0
Hang Meas Singers,Sour Sdey Chnam Sakol (Happy New Year 2021),5eJDNimwCuup37RxyzEOxk,0
J Balvin,Peligrosa,4zknHaKvdUVCBqf53Ece8w,0
Amaranta,Ingrato Amor - Live Streaming New Year 2021 Remastered,6IaXZrzgjh5kHDJ8TB5Upu,10
J Balvin,Safari,53fk6oZNJH8m4469RimgdI,0
Golu Gautam,Dil Se Happy New Year 2021 - Bhojpuri Song,07YqrHb2RimJWzwZ5rLqpw,0
J Balvin,Sigo Extrañándote,55SZzqVhj870ALTamlxB7X,0
The Lorax,Yearly - Chill Out Lounge Relaxation 2021 DJ Mixed,68vPFzLiyeN9ihGjIaMoHu,0
J Balvin,UN DIA (ONE DAY),5674Mj1Cik9sFjcunrMU1b,0
Alam Raj,Griting Naya Sal Ke - New Year Song 2021,76q2wEopIADFuo8YEs9IY4,0
J Balvin,Bobo,5736dX1y6oDEH3RbGpiiJL,0
Amaranta,Eterno Viajero - Live Streaming New Year 2021 Remastered,6vGpoXiW800aaQCjjZHrOZ,9
J Balvin,Rojo,59lIbYg6dzaDdjd3F4tnrr,1
Byron Haskins,Shiny Wet Cow (for Lunar New Year 2021),3z9nERXEL8JDRpxehVAljT,0
J Balvin,Bonita,5MEua9BYeWK8TRDtA04vFz,0
Amaranta,Dime Tu - Live Streaming New Year 2021 Remastered,3ZlIbODsbfbW9u0rVmKmhQ,10
J Balvin,Bobo,5Z3St806h3zuw2MekPy5Gl,0
Ernest Kohl,Happy New Year 2021 (The DJ Kor Remixes),5rWei5IpftuKtsedOxk9jR,0
J Balvin,Ginza,5cyHH04hVZbVGXQKIosSlY,0
Amaranta,Adios Tunantero - Live Streaming New Year 2021 Remastered,05zrgiupBUXk6uTPM4VTHB,9
J Balvin,UN PESO,5dAUbQsSeGGjpsC17POkMF,0
John R Graham,希求 - 2021 Remaster Version,4LPGPnpBpZ1llVGZa2XAq8,0
J Balvin,Bobo,5l2nQX67ZcpbSS8Pf8VCbO,0
Amaranta,Loca me Tienes - Live Streaming New Year 2021 Remastered,7s0oiyydBYlMTH124b3a0j,9
J Balvin,Tranquila,5veIcKC2KnJecWrwz6T5eA,0
Amaranta,Me Siento Sola - Live Streaming New Year 2021 Remastered,6Wgmi0IiGyTwDH9FIcM5v6,10
J Balvin,Pierde Los Modales,66x4iR2bhi5dMEawPj6Vmj,0
Goastral,Billions Light Years - Psychedelic Goa Trance 2021 DJ Mixed,7o1ax9wzfPilsx7mp90Jmp,0
J Balvin,Negro,67wFWOndBDM1ZDnvuNQIvQ,0
Amaranta,Mix Huanca II - Live Streaming New Year 2021 Remastered,3lUaYweqoYXzOKauBjOpiQ,10
J Balvin,Ay Vamos,69OZkdWsfhS9dRPBMCcIGi,0
Amaranta,Mi Gran Ilusion - Live Streaming New Year 2021 Remastered,30iwCmYjfq52hCm0jn2Rlf,10
J Balvin,QUE PRETENDES,6DWCUVMiGTU6k2GSp4Nupc,0
Amaranta,Mix de Tunantadas - Live Streaming New Year 2021 Remastered,5t7mXI7r2HJBZeFdJ796iF,10
J Balvin,Amarillo,6EC8JRLCXLcKKSlUoDK0n2,1
Dj Biffen,Merry Christmas and Happy New Year 2021 - Radio Edit,7h7yPyss4MIBVPXVeF83vg,4
J Balvin,Verde,6ItOMmaL88Au9MrY4b5KPq,0
Chousand,Brad's Dad Is Turning 16 Years Old (Live/2021),2scpk0m6cNbQW2lnnoiJMG,0
J Balvin,Ay Vamos,6Lq4Pc7O9BfZjk2Md10iQ5,0
Amaranta,Planta de Maguey - Live Streaming New Year 2021 Remastered,2KLlvmaccV5ew6UbcCxpjn,10
J Balvin,QUE PRETENDES,6b8n4LP2AU6xU2bF6lmlXd,0
MAVER,Jingle Bells (Merry Christmas & Happy New Year 2021),0zBdbSzF1J9oiKgo5HjB97,0
J Balvin,Ay Vamos,6kZ9Il5S3PfXHLKhaUqjK8,0
Amaranta,Malo tu Corazon - Live Streaming New Year 2021 Remastered,4aTIAGfvtf3cXTn8XhRSa6,11
J Balvin,Sigo Extrañándote,6mNSDHl1yuhKfRB4iXmMqN,0
ghostkiller,2021,5iTANF9RPUJd8wnDpEfXO5,0
J Balvin,Safari,6skaANqvXYwgnNXbcRNcak,0
400Sav,2021,4NehQ6sSR2zjXXD0AbEQ3j,0
J Balvin,Ay Vamos,6zg64kcILjEqQ34vp6YFQ8,0
Yunginky,2021,0xUAbAov8hiYihtJ8kVsMH,0
J Balvin,UN DIA (ONE DAY),71yzJdWbsT1vlkwIbDLgoX,0
Amaranta,Medley Picaflor de Los Andes - Live Streaming New Year 2021 Remastered,5PraiQQAIkl0xw6pSFVX5h,11
J Balvin,Bobo,77zPke36V9BQxlOKzFZWMc,0
Amaranta,Dime Tu - Live Streaming audio and video New Year 2021 remasterized,6glNtKl26CN6FfiWeVd6UX,12
J Balvin,Sigo Extrañándote,79f2sL8ItClfaZ6XigZNPQ,0
DK Raja,Number Mange Greeting Card Dukan Wala - Happy New Year 2021 Song,2yc8f9AqYXUTNA3EtfUbHp,0
J Balvin,YO LE LLEGO,7Hx4c8FBHp8QmgudKmxcQp,0
Amaranta,Ingrato amor - Live Streaming audio and video New Year 2021 remasterized,3wLWURwOlQZ7O3VWcV4BJJ,11
J Balvin,Bonita,7dhFI4GtcIXW3UVpsfFcZV,0
Amaranta,Adios Tunantero - Live Streaming audio and video New Year 2021 remasterized,4Za9rPfMOe6N9AHV5CMBkB,11
J Balvin,Rojo,7ogwyTfVIvpB0JXKRJGdb5,0
Amaranta,Mix Tunantadas - Live Streaming audio and video New Year 2021 remasterized,08lQHr7iNWMXo4IdiyEFDm,12
J Balvin,Blanco,7umRxl6hgAm57mjZk4WJRF,0
Amaranta,Eterno Viajero - Live Streaming audio and video New Year 2021 remasterized,3sG5APwO5VLFJvlm0VxsZN,11
Doja Cat,Imagine,0frkJRc31JunrJ6JmqRpqa,63
Rajpal Chanchal,2021 Main Ayi Hai Hoyi Sabko Badhayi Hai - New Year Song,4bAZ41NqjG7sEb1RmgY06F,0
Doja Cat,Alone,3jt8YFtxRJOg99gmJuQBiC,63
Rocco Papandrea,2021,4LlIIqougjpn1S2teoupz1,0
Doja Cat,Kiss Me More (feat. SZA),5cOyxjetBT7kRnqL68madd,62
Yung Deezzy,2021,588pPMAHudbg9tmlQpWaQT,0
Rauw Alejandro,2/Catorce,71R8HJxQk5qMiRstrlXN9t,91
WhizKid$,2021,44a0COctHkpD1jFoqnxs8d,0
Juice WRLD,Wishing Well,0Q00PTYaMtPueNA21Clm7I,0
SonoFlame,2021,4MO2Rtx0FGgOukZO7gw1qB,0
Juice WRLD,Lucid Dreams,0pW91w1FkOuLwV4FaNQkhD,1
FEDERALPRESSHA,2021,6PtvkwQ2vaCOIktizj7MzE,0
Juice WRLD,Armed And Dangerous,1tkeBa72QUvrh9uWnCYWDb,0
Rodney St0ne,2021 Thoughts,0lgSDh20dzgDU8QuM0lQcB,0
Juice WRLD,Wishing Well,3TEjEw0OwixuLp2fYafJ9A,0
Amaranta,Mix de Huaylas - Live Streaming audio and video New Year 2021 remasterized,5Sr84YP8kcuQrT8RRtaNlO,12
Juice WRLD,Lucid Dreams,3e3HPlv8ZmKhLwTcGZsWUD,0
sidewalk boy,"The "" Brood X"" Periodical Cicada Will Emerge in 2021 After 17 Years",6gQaBtdBIfj1jq5uCAayuO,0
Juice WRLD,Come & Go,3tNrWRSkL8nA9chpyDRXeb,0
Goastral,Billions Light Years - Progressive Goa Psytrance 2021 Top 100 Hits DJ Mixed,5T1eZH4FTnJmzmPtRBV2XY,0
Juice WRLD,Conversations,3tnNP4G4PUkrg3rJ8AOIp1,0
Amaranta,Mi gran Ilusión - Live Streaming audio and video New Year 2021 remasterized,7u5zrp0lcy4TlfWLaBdK2o,12
Juice WRLD,Wishing Well,43X1HeO14j0J8335r7oh9N,0
Amaranta,Planta de Maguey - Live Streaming audio and video New Year 2021 remasterized,17oNxYFhjluiVBsJj30daB,11
Juice WRLD,Righteous,6BvERpClxMZPKTjSY5HNEc,0
Amaranta,Mix Huanca II - Live Streaming audio and video New Year 2021 remasterized,2AjcDI4dio5Yx9i7Mj8ErC,12
Lil Baby,Real As It Gets (feat. EST Gee),7eX3um6NpOQKWJMGCi97XD,77
Amaranta,Me siento sola - Live Streaming audio and video New Year 2021 remasterized,0Bkir9qbwWtydC0VJQTSOD,12
Majestic,Rasputin,0b18g3G5spr4ZCkz7Y6Q0Q,91
Ay3Gvcc,2021 - Live,2x7mXKg2hp3m3VIUcm9crL,0
Joel Corry,BED,0siYMEsGrzzzlWLXK5zJfS,89
Frenchieorichie,2021 First,1wG2nzuuaoVW8BI8uGnNtp,0
Sarah Cothran,As the World Caves In,7LAmsNJpBaNvNg7VZPXxSv,81
DJ Mahir Nation TV,Its 2021,1wIgWSUeU7RovmR5p9cy0U,0
Doja Cat,Get Into It (Yuh),4V5siYO9zHpLX5qf2F0qBV,54
D3 Misty Project,Journey 2021,6ldCW6d5icRWsdMHPhpG8e,0
24kGoldn,Company (feat. Future),3JVTsvTldB6arHVlmxmTnM,78
Restaurant Music Deluxe,Excellent 2021,38e5dPBOEyeTMYadrQArs3,0
Lainey Wilson,Things A Man Oughta Know,5QS8PNEWbqTEZyQ6e9ZbJf,76
Dinner Jazz Playlist,Wicked 2021,5NNDtMHkjdWIT1Qrj2QTsm,0
El Alfa,La Mamá de la Mamá,2L95U6syP0bV3fkYYOzmiW,83
Upbeat Morning Music,Energetic 2021,02LfDDgzIbC9iFMjR1aQRR,0
Eminem,Killer (feat. Jack Harlow & Cordae) - Remix,7zl7kehxesNEo2pYkKXTSe,80
Dinner Music Chill,Classic 2021,1UgdgRxSP6hSfotcZmgXnn,0
Doja Cat,You Right,4bxSyy1KxkGEfPQMIXFLWO,62
Smooth Jazz Deluxe,Romantic 2021,5Dlxek0h7kBbjh5Xon1OZj,0
Juice WRLD,734,6vB8bdQCCTDDIH8fhRfuXA,78
Slow Relaxing Jazz,Phenomenal 2021,7ekjSzRMocH0iZUs0hf2f3,0
Morgan Wallen,7 Summers,4obHzpwGrjoTuZh2DItEMZ,75
Classy Cafe Jazz Music,Carefree 2021,2of7QgRNb40ARwTGmT6uYb,0
Only The Family,Hellcats & Trackhawks,53tv6ZbyeAwfAUwFaxYbfO,75
Upbeat Morning Music,Chilled 2021,3dYsnPjkT2G60ahj11JZqM,0
Justin Moore,We Didn't Have Much,0Iuw6WPws324i7G7sCejTX,75
Coffee House Smooth Jazz Playlist,Sensational 2021,4kwEofcP3te7r9zm4ndQaQ,0
Doja Cat,I Don't Do Drugs (feat. Ariana Grande),5Orunvd0o8nu5WZLrEScqI,52
Coffee House Instrumental Jazz Playlist,Suave 2021,3IXVhIrPOilgN88AZqjUki,0
Lovejoy,One Day,0IUprcNjE2hDtlvY8rq2W9,80
Evening Chillout Playlist,Suave 2021,7c2GYWv1ZbODseYOJMZiTM,0
Doja Cat,Woman,2ds0pWAKDaq9yz3o6rexbk,46
Jay Morales,Love 2021,3hFqa6rvwODDBWIdGQ0bh5,0
Doja Cat,Been Like This,3DyKJT2ADGzZQBhtSy19VY,44
Relaxing Piano Playlist,Energetic 2021,4CSIBBcgHJvEXZ6lD7BzU6,0
Doja Cat,Need To Know,4GcmlWvhVYsb8vTEaq5492,43
Evening Chillout Playlist,Lively 2021,6mxXak5q61AQORGmVnZjm4,0
Doja Cat,Payday (feat. Young Thug),5yJuMSd5wBgtomSr0u7HO3,43
logansound,my philosophy 2021,5xBkawWD1Dyq06yj0SvZpL,0
Doja Cat,Love To Dream,5kLVoPbWNZMAA3Wz3wLaWx,43
Relaxing Piano Playlist,Entertaining 2021,24JGb0fYaTUjdek93bxCVw,0
Doja Cat,Naked,7u1sP42hRttuwCV1XKdR8f,43
Right Direction,Homesick - 2021 Remaster,2DslcYxFsydrLju3nk8nSm,3
Doja Cat,Options (feat. JID),4jnO4Q6wdHOIFiv4dYFuVv,42
Slow Relaxing Jazz,Lovely 2021,0mT5Blmkdp0xdJqzxiq18M,0
Doja Cat,Kiss Me More (feat. SZA),47362Yh7VtOwx9jSpNssds,42
Dinner Music Chill,Vintage 2021,0Bz6DflJ4SjDJ9kyHWcIVT,0
Doja Cat,Alone,0vgyewz1cDd338nLrRAJqj,40
Musica Rilassante & Benessere,Artistic 2021,6Lbjxx91XY7NsqU5oY1zjI,0
Doja Cat,Imagine,6QYIgaOMK2wxuCJAfJJTJr,40
Dweavegotyachick,The Chronic 2021,6koK3nm2d0B7fBnQuTwmqT,0
Blueface,Outside (Better Days),26BMsCXJpD7eYtP7ufhApC,78
Relaxing Piano Playlist,Spectacular 2021,2F2ngTijqN8hwrtEYAZ5bL,0
Anne-Marie,Our Song,5zqObw7wjBgL9TDiAymxPn,85
Early Morning Jazz Playlist,Background for 2021,4D53fkEXLvFaNaCVk01mTI,0
J. Cole,h u n g e r . o n . h i l l s i d e (with Bas),5BwQjRasNcdRPuVWKcHto2,77
The Hangouts,Pain - 2021 Remaster,2ZRmLM5mKJn86Kcts4eohK,0
J. Cole,p u n c h i n ‘ . t h e . c l o c k,57ZUX6TNyKLBydAdVVd02x,77
Michael Jazz,2021 NYE Jazz Party,2QWDMPj6RruCwdM3cLiWcJ,0
Brent Faiyaz,"Gravity (feat. Tyler, The Creator)",6u3CPnFMKANYgfdiifFOiJ,78
Sam97,Pursuit - Winter 2021,4XWaTX2GUxhfJ6jTzMKmHn,0
Bo Burnham,Content,7av3s72hOwmgzA2VE5pWDa,77
CannonandtheBoxes,"January 6th, 2021",0ZsModZ4epjg5EnBhkwCXV,0
DaBaby,Ball If I Want To,3h6HY3tsm29kimSqwDHXeX,46
The Hangouts,Troubles - 2021 Remaster,6qj6BfuZ7ckZpBGJ8WMxJc,0
Dua Lipa,Blow Your Mind (Mwah),0qD1uEHGQJUVKZes5PNVK9,0
Do Shock Booze,ARTOFLIFE - 2021 Rework,2HtddyDAtcJq4q4BWmdZtJ,0
Dua Lipa,Love Again,1EJIcvY40U2lEfOn6Hp4kC,0
Do Shock Booze,MUDRA - 2021 Rework,5kLXnIsqij0j30BpYJQnBR,0
Dua Lipa,Levitating,4uvyVwZ7voi3mCftL1co6Z,0
Smooth Jazz Relax,Background for 2021,78tBm01gFYCYhqNNTkjWzK,0
Dua Lipa,We're Good,50tWT4T7SPrPgwQI9wvd7R,0
DJ Kaito,Roast Yourself (2021 Version),0F3KIMsu08JvYP4FFtBDeb,0
Dua Lipa,Don't Start Now,6PPUnZkptuWeT7csbKf68Y,0
Background Jazz Music,Background for 2021,2ag5trkxEoGO7oiZlxps2i,0
Dua Lipa,Levitating,6uSK5qh2jR5W0bLwhzsTIt,0
Slow Relaxing Jazz,Background for 2021,0y0Y7HFW11SwIXvaitnT3w,0
Dua Lipa,We're Good,765LxoURHWlmNoPwz2vxeF,0
Cafe BGM,Background for 2021,0RJDjh4X2rwYcGI0siTnAc,0
DaBaby,Red Light Green Light,4fPr5AVqhVUwhq69uLpmpt,46
Sunday Morning Jazz,Background for 2021,4PLtoNZOVVuD9QRzmHVTR1,0
DJ Khaled,LET IT GO (feat. Justin Bieber & 21 Savage),1cEhrSF6EylAEqdhUGuNpX,80
Hellgreaser,Julia - Remastered 2021,4YV7SRdzTFEbF6FIHRh1Yz,5
ATB,Your Love (9PM),5YaskwnGDZFDRipaqzbwQx,90
Reading Background Music Playlist,Background for 2021,52ltdJ3gUpdxmoocTzi27T,0
Polo G,Toxic,3h3NKhcfHkr6GvEpC3FRI5,77
Amaranta,Medley Picaflor de Los Andes - Live Streaming audio and video New Year 2021 remasterized,6EPUCU04NW6c9eCwfTcxIQ,13
Baby Keem,durag activity (with Travis Scott),4JJcP0Rv9AgyPD6ZGaC8EE,79
Nomrah,RADAR. - 2021 Remaster,7iO857flDuavHUawLqwZfr,0
Polo G,RAPSTAR,18vXApRmJSgQ6wG2ll9AOg,80
Smooth Jazz Relax,Background for 2021,4iGIeGBM5H9TNdxgPtSJtV,0
Polo G,Clueless (with Pop Smoke & Fivio Foreign),4CPcZHzSvIBM8AKhdHUwnL,79
Evening Chillout Playlist,Background for 2021,0akAOAUZERejJytXVlSLWh,0
Lil Baby,We Paid,0j2nTyJnyW5B2Djjf5DEP7,0
Hellgreaser,Bloodtraces - Remastered 2021,65qdde6AhB2yeBIMkD2nq4,4
Lil Baby,Drip Too Hard,2pBVKl5eknkvT6q6KgmCAH,0
Relaxing Piano Playlist,Background for 2021,1elPPwokEjyxxxuG4TNmcA,0
Lil Baby,On Me,4abm4S6IddNySrpWRQ0n49,0
Nomrah,Portrait - 2021 Remaster,1YxwXyFeJOawUvQpDZGD1y,0
Lil Baby,Drip Too Hard,4rKpB2b8RxX9Wb4BfPrhC6,0
Gaston Zani,The Message - 2021 Rawmix,0XXK7GxGkcp50c78rz1hyo,7
Lil Baby,Woah,5O9ZXRnoLOTqvi0yGzot4Y,0
Klaus Doldinger,Uranus - 2021 Remastered,3mgEnOwQvdPyEZF9DGRNoX,12
Lil Baby,Woah,5o3PyKYyzNOpLERqUhIiq2,0
French Cafe Jazz Lounge,High Class 2021,3IbvZonnvFqvasX4yIXiyA,0
Lil Baby,Drip Too Hard,6tf8souegvoAscT7ToOuox,1
Klaus Doldinger,Shirokko - 2021 Remastered,2djBgpKQQmQOOJEI3rxRzg,5
Lil Baby,Errbody,7MiWcoVuHme60S58SeTNPX,1
Klaus Doldinger,Ovation - 2021 Remastered,4jA92B7kvUGRuTcvfGbzS8,5
Bo Burnham,Bezos I,0Kdj7nwaYQmvhxnqZaIQuW,77
Klaus Doldinger,Handmade - 2021 Remastered,2EE6KIfH9NQaiDGBsOKcT6,4
Migos,Avalanche,4KD0lLJ4OGonZhBeKtct9I,77
Klaus Doldinger,Hexensabbat - 2021 Remastered,5uEaHE0r1DXzV0t7cvexLi,4
Bo Burnham,That Funny Feeling,7uCq4vBPffjaTMlE8EQzJD,77
Hotel Lobby Jazz Group,Background for 2021,66hethf8s4q0m7xT9COChS,0
Polo G,Party Lyfe (with DaBaby),38Z8SRBxln5pP7yWLqRYwC,78
TychoSmit,2021 - Radio Edit,6CCvzxF5NocnJVx43EC5ke,0
Florida Georgia Line,Always Gonna Love You,5wTt43UbS3HmDvzAJ7Yax3,75
Klaus Doldinger,Tarantula - 2021 Remastered,4Hcn8OYDPrcNlJlytbQDOf,7
Drake,Lemon Pepper Freestyle (feat. Rick Ross),4FRW5Nza1Ym91BGV4nFWXI,79
Klaus Doldinger,Allegory - 2021 Remastered,2pTtFav3GR2PZmaJHDkeOx,5
Mooski,Track Star,5hChuUMe5iHfjkXgzj1D4b,78
Klaus Doldinger,Jadoo - 2021 Remastered,4nuF37s79ir896CrobI6jo,4
J. Cole,t h e . c l i m b . b a c k,5lLNBIyjp72btcnrjBG751,76
Klaus Doldinger,Abracadabra - 2021 Remastered,6cf4hKXhCvoRIdBcrdmmWE,7
Migos,Malibu (feat. Polo G),3v1zVVdzNVNt7vmI9VG2gq,77
Early Morning Jazz Playlist,Glorious Music for 2021,2VciZI1jKAhWWmMhXj8N1X,0
John Mayer,Last Train Home,1fzf9Aad4y1RWrmwosAK5y,80
Classy Cafe Jazz Music,Wicked Ambience for 2021,4PM8jXMbCrcJ2ojw4wl1Sq,0
Lil Baby,Still Runnin (feat. Meek Mill),5cAN3P7jWVf78gev1eF7TJ,75
Klaus Doldinger,Dawn - 2021 Remastered,1SaEJ95rcpFv5NXBoo45nP,9
Polo G,Painting Pictures,25uBGaikHi0DhMiGMfuXYE,78
Upbeat Morning Music,Smart Music for 2021,1ZGGPBe1UqJjOI7wPbIb0p,0
Cardi B,Up,1M4OcYkxAtu3ErzSgDEfoi,80
Upbeat Instrumental Music,Simple Ambience for 2021,3oH9ZgwKQHiPc20XIHhzWZ,0
Clinton Kane,CHICKEN TENDIES,0awuNCj9gwJEM0seER22DW,79
Upbeat Instrumental Music,Remarkable Music for 2021,1UzkIJQ7r3ujyejxSA2gzW,0
Bo Burnham,Comedy,2AziR5bWTpniyTm2GQNer7,77
Upbeat Morning Music,Incredible Ambience for 2021,0RstWdlLS1eVIHjDWY11om,0
Mitchell Tenpenny,To Us It Did,35v4CE7o8XHvXPDjGPsp15,74
Upbeat Morning Music,Opulent Ambiance for 2021,49leWrPNtus1NZvf892W8y,0
Selena Gomez,Baila Conmigo (with Rauw Alejandro),079Ey5uxL04AKPQgVQwx5h,88
Upbeat Instrumental Music,Inspiring Backdrops for 2021,5m4SLFJXAhK0YV9lbqnUXm,0
J Balvin,Poblado - Remix,1WedZeiezCmCEOzLwhx0hV,84
The Hangouts,Breakin' Up - 2021 Remaster,2pSUEESYN5y7adFjSyYBVX,0
DaBaby,ROCKSTAR,0FMEr0xyFfBmJEjj9wLSVQ,0
The Hangouts,Burning Heart - 2021 Remaster,4L14mqB860w5D8qK1JB5ga,0
DaBaby,ROCKSTAR,0Ng2hsnXyJZ66Sc0VfSrRm,0
Sam97,Premeditated Outcomes - Winter 2021,6jqvroIKKmbIoWPMpMFSYe,0
DaBaby,VIBEZ,0pgTx3IYpp01PadoFq9utp,0
Multiplexor,Doors (2021 Version),3FAnnYtzByg7K88YrLiYeF,0
DaBaby,BOP,29YYLoVbBBrhNjBWOMtqIv,0
Classy Cafe Jazz Music,Serene Backdrops for 2021,3XQn3gTkAicy8Ge4SWshXh,0
DaBaby,BOP,2XmRGrT6R38sQH6I4u3aS8,0
Easy Listening Jazz,Lonely Music for 2021,7I20qPy8MdCap5AHcyhLJK,0
DaBaby,ROCKSTAR,3AisoqSenig33okKhRF8Xo,0
The Hangouts,Paris Shoes - 2021 Remaster,0DJsdVPLAQBRxyDhLhyg8w,0
DaBaby,BOP,3yV5L2c7xyMcPx1rf1Xvrr,0
French Cafe Music,Spacious Music for 2021,54ikXF7GNh7yZrZ6hAeLi3,1
DaBaby,ROCKSTAR,3zuMWLHkSJEt9Nn3j9pN7W,0
Classy Cafe Jazz Music,Amazing Ambiance for 2021,6ekaOQ8yuEA3YDiVWwTjj6,0
DaBaby,VIBEZ,5UdbQqS0EiWQh3axzo4Gtg,0
Smooth Jazz New York,Spacious Music for 2021,0E7mzQ010fPMFViRREOWYw,1
DaBaby,ROCKSTAR,6DQufBozYXaEx5jEiLV6Kd,0
Cafe BGM,Awesome Ambiance for 2021,6B2MrH1Y61QpBtsqFK8zhh,0
DaBaby,ROCKSTAR,7adY6Jl1yvYzLi4SZuJ4BZ,0
Smooth Jazz New York,Mysterious Backdrops for 2021,5yzHmENywlJhBEXCOwH8eF,0
H.E.R.,Come Through (feat. Chris Brown),3krZxyBsWEHfEfJegYaWTd,79
Amaranta,Loca me tienes Flor de Campanilla - Live Streaming audio and video New Year 2021 remasterized,3aYNHTkpjaWeZAvbNC5Avb,11
Justin Bieber,Hold On,1nahzW3kfMuwReTka28tH5,83
Reading Background Music Playlist,Urbane Ambiance for 2021,2IvIzqkAKRohq5VPqMm4G1,0
Pooh Shiesty,Back In Blood (feat. Lil Durk),7FGdjbZ32vMybPuP0IuE7d,75
Baron Bane,In Light - 2021 Remaster,4UfYkN8Jv6RFcR65WTnxHA,0
Taylor Swift,Mr. Perfectly Fine (Taylor’s Version) (From The Vault),2CYVETnhM9aytqrazYYwrK,78
Sunday Morning Jazz,Sunny Ambience for 2021,07brGJbRL1ZPlHyYN28ie0,0
Dustin Lynch,Thinking 'Bout You (feat. MacKenzie Porter),7DhvNzyMM8jJWcfykG3psB,74
Coffee House Smooth Jazz Playlist,Uplifting Ambiance for 2021,0Enh8iYWLahKC1zuO09iTy,0
DJ Khaled,"I DID IT (feat. Post Malone, Megan Thee Stallion, Lil Baby & DaBaby)",20GrahbI4AzAOWxpYfDKkf,79
Baron Bane,The End - 2021 Remaster,0TpVIZhPgrCDhxrvdUwWz8,0
Pooh Shiesty,"Switch it Up (feat. G Herbo, No More Heroes)",06BY7fb0Ztz7f7JPRWSBZ3,74
Baron Bane,Fire Play - 2021 Remaster,3hUKISgUEWGwYHMEh5SimT,0
Madison Beer,Reckless,5ajjAnNRh8bxFvaVHzpPjh,82
Baron Bane,The Storm - 2021 Remaster,6ZXCj6dsvUAX0kg2r9u7xy,0
Tate McRae,working,31sSFHIe4NaxltVFOEIcTa,80
Coffee House Instrumental Jazz Playlist,Phenomenal Backdrops for 2021,0OFIo68IUzhnKjHkavBXmH,0
Imagine Dragons,Follow You,7FdUvDkaE24o3FPIWTvzv2,87
Restaurante Jazz Clásicos,Relaxing Ambience for 2021,0rWrhQIdbzIb24obQil8Wi,0
Coldplay,Higher Power,0939D7aT18uBDS2MTjWzct,85
Cafe Jazz Relax,Easy Moods for 2021,4UcyhbrIxdnDu2PDq75Q1M,1
A Boogie Wit da Hoodie,24 Hours (feat. Lil Durk),0YH1xT3Z7wR6dZyaCwSziK,76
Background Jazz Music,Suave Backdrops for 2021,2tXhzRSevG43OCVk7bLgin,0
Justin Bieber,Peaches (Masterkraft Remix) feat. Alpha P & Omah Lay,304xi8j68U97LF12ozAURN,51
Relaxing Piano Music Girl,Suave Moods for 2021,0BT18x3ZbaxiAcHdLyQZ2z,11
Justin Bieber,Peaches (Masterkraft Remix) feat. Alpha P & Omah Lay,6lUpRCvUGvAymNGJzVywN8,47
Hellgreaser,Frozen Heart - Remastered 2021,24YHaqv7DbH2rvHRSBdsq2,4
YBN Nahmir,Opp Stoppa (feat. 21 Savage),59fFsGRwFiuhxKDPc1k6xW,75
Early Morning Jazz Playlist,Tranquil Moods for 2021,2i8QFC1z16dg6ErYVTGnNN,0
TOMORROW X TOGETHER,0X1=LOVESONG (I Know I Love You) feat. Seori,1Z8TPHiKeCUyClxV6WTTIf,84
Ryan Dunlop,Here Comes That Sound 2021,5KOoXFFSKvRBthGRYgWl4E,0
Coi Leray,BIG PURR (Prrdd) (feat. Pooh Shiesty),5byWPNSh2hi0ULmDxBgLyV,75
Hellgreaser,Bloody Mary - Remastered 2021,2A7F7DmhPrmN9VKcSoibrf,6
SpotemGottem,Beat Box 4 (with NLE Choppa),2LbNkvmYabhVf9jBCVeLm7,75
Hellgreaser,Vampire Girl - Remastered 2021,2zdAfoS0Jx9Xc5dn6GBhYt,4
Moneybagg Yo,Shottas (Lala),2Ox2c1WEJDeQCHTXPE3YKM,74
Musica Rilassante & Benessere,Superlative Moods for 2021,1CfMKZb0lxnlVah60fgktX,0
Twenty One Pilots,Shy Away,2nG54Y4a3sH9YpfxMolOyi,80
Hellgreaser,Fright Guys - Remastered 2021,67eAvVttLZmxOsBtmnOnC8,4
Polo G,Boom,6vQnpXl0KvwTfLpIhoOLHc,76
Jay Morales,Love 2021 - Radio Edit,4nMgtkbITix89JQSHLTqnH,0
NF,JUST LIKE YOU,7tTRFVlFzk6yTnoMcParmi,77
Relaxing Piano Playlist,Deluxe Backdrops for 2021,5J9URaS8G09dOxg0GTGnSv,0
Lovejoy,Taunt,0r3QJbwBuR9UL0ai5qDTw7,77
Cafe BGM,Subtle Backdrops for 2021,2qjmZZ9yjz3hZN0ThO7ErN,0
Nicki Minaj,Fractions,28PeqNMnFfVQnXvXmyf88G,75
Sunday Morning Jazz,Funky Backdrops for 2021,7d9mK5mf9BrqIShOa9XGQw,0
PlayaPhonk,PHONKY TOWN,0BRbI3ZMPXuj9yA7ChDGOW,82
French Cafe Jazz Lounge,Uplifting Backdrops for 2021,2WSlYUq0DDeCbjdNXxqfVq,0
Spinabenz,Who I Smoke,2fujhLR4zhDRPbYDhI0xRr,74
Relaxing Piano Playlist,Dashing Backdrops for 2021,2x38nOeOfKeD5b5HXrXASg,0
J. Cole,c l o s e,4YiY551vHi6glMtgVxuqAy,75
Smooth Jazz Relax,Majestic Ambience for 2021,6k3j599fOIByCGXevGlyBy,0
J Balvin,Otra Noche Sin Ti,2CdTLdDjwZdVcm0bresVWx,83
Sunday Morning Jazz,Spirited Moods for 2021,5pEJyPwDyv8lid00I8s7B9,0
42 Dugg,4 Da Gang (with Roddy Ricch),1mAey8kEPmDM2icL56kS9d,75
Nomrah,INDIGO CHILD - 2021 Remaster,6NawKpl7Z8j84Y1PnO3IkV,0
Polo G,Heart of a Giant (with Rod Wave),6Q7Tv7ZxmoOokvuPchcaO1,76
Nomrah,CODEPENDENCY (Interlude) - 2021 Remaster,0SlAxNwb86jkrzfOg5hALP,0
Anitta,Girl From Rio (feat. DaBaby),6CF085Ol0cVda1WqelybEQ,75
Relaxing Piano Playlist,Scintillating Music for 2021,7LklvKSZP9rn5akivl4VoA,0
Nessa Barrett,la di die (feat. jxdn),3RLshk3cDQOqWhSIRCVaXL,79
Klaus Doldinger,Light 1 - 2021 Remastered,3MQF4ean6iE0ps1OpbwvvS,8
Polo G,Bloody Canvas,7Cj3tnMCpXpHgE8CIISbGq,76
Early Morning Jazz Playlist,Alluring Ambience for 2021,5tesWHQAqkaImDw2eG7z1o,0
Bruno Mars,24K Magic,0CrwZXEYMbm8FKw4NgnNVs,0
Klaus Doldinger,Blue Tatoo - 2021 Remastered,28PJg6Ft5MiQdjWkF4KpFt,4
Bruno Mars,24K Magic,0wmenBxOt6Lj8A34GNftYU,0
Klaus Doldinger,Loco-Motive - 2021 Remastered,18nk076HcyMjEkwxYYv9pj,10
Bruno Mars,That's What I Like,12IcXtMR582yWCr8R5H1mh,0
Klaus Doldinger,Morning Sun - 2021 Remastered,2fqIsjeKW0oxEVvKrixZho,5
Bruno Mars,Count On Me,2lRfi4QV8VofL4SWsHbD0I,0
Dinner Jazz Orchestra,Thrilling Ambience for 2021,6vABSGD0Km01t50bb8MOCK,0
Bruno Mars,Just the Way You Are,4DWZDu9Vbvm34G3QI6zBF9,0
Klaus Doldinger,Light 2 - 2021 Remastered,5m2Sqrq8PthUxR4ngSiTuj,8
Bruno Mars,The Lazy Song,4g2UgrF6HS4DpziSSAvI46,0
Klaus Doldinger,Missing You - 2021 Remastered,7oIeZfgISd4yJgxgN2pL3H,9
Bruno Mars,Count On Me,4v17C5SRYip5z562y5BJed,0
Klaus Doldinger,Sahara Sketches - 2021 Remastered,7qtk4OFeLTztLKNIShky9C,6
Bruno Mars,That's What I Like,5w52IPUgSjd78sqlDI6tlp,0
Upbeat Morning Music,Exquisite Moods for 2021,3gFyynCdsMK8hwELglocTb,0
Ian Munsick,Long Haul,7nERlpaH7QghaO7jC60Xtu,72
KT,Class of 2021 - Bonus Track,3BTumCu6ygqg57wafk6Y9H,0
Bo Burnham,Problematic,6NBAtnU5ICF7fazEFn2hKL,76
KT,Class of 2021 - Bonus Track,3BTumCu6ygqg57wafk6Y9H,0
LPB Poody,Batman,1xMvdOFQaql3EBkHmuh2TK,75
French Cafe Music,Jazz Piano Soundtrack for 2021,6eDYXURby8rhYtVxSzSDLy,0
Bo Burnham,30,1dqC5KuAYE3bRxeSEeVDF6,75
Multiplexor,Magnetic Field (2021 Version),4xAmP5Pl5FUJgpTOJGepXq,0
blackbear,u love u (with Tate McRae),1xBQDoxqFyloelbnfju8na,79
Bobby Prins,Pretend - 2021 Remastered Remix,61MBb6GkUVokBmtopFDvwH,3
Tai Verdes,A-O-K,1v3Ozpbcx2B926aVW0UuXk,71
Smooth Jazz Deluxe,Jazz Piano Soundtrack for 2021,2HBcHNKPD0uNVQtni60A1A,0
TWICE,Alcohol-Free,0BTaaKT4RMbs5M73tOHX5Y,84
Baron Bane,This Beautiful Aching - 2021 Remaster,5jMDd5N8bkjB4JAO7HDsir,0
Machine Gun Kelly,DAYWALKER! (feat. CORPSE),2NnJpRXIlx35Vij3bPZO0h,76
Amaranta,Malo tu corazon Quisiera Un beso mas - Live Streaming audio and video New Year 2021 remasterized,5um4Y8zEFcqWWRnPAJdpci,12
Polo G,GANG GANG (with Lil Wayne),0ezwvY7TkCwDEkKR49084k,76
Baron Bane,Wait for You - 2021 Remaster,0M851Ice0LM1QyCAzIRAPF,0
Ed Sheeran,Perfect,0K9Yytm1aYni8cxxfXmKVu,0
Slow Relaxing Jazz,Jazz Piano Soundtrack for 2021,71CNvi0G06CcGiFOfPiRZ1,0
Ed Sheeran,Afterglow,1eU8wR5beC5VfHlSPqNRKE,0
Radio Homework,After Hour 2021,7BOjyZRbwQBYiIavMbE5cC,0
Ed Sheeran,Afterglow,6M2dZGkK53Q2mZZtCq0pTo,0
Susan Boyoung Bailey,Grateful For New Year 2021 (Ready For COVID-19 to Finally End) - Phone Voice Memo Version,5895Eg0i7vONfsEyHO37J3,0
$uicideboy$,Avalon,7CxFWAnQ8eqiRL4W12Xzb6,75
Baron Bane,By the Waves - 2021 Remaster,3HC4eU6MKzrdik422GUqv5,0
Morgan Wallen,This Bar,075qcpR3BnxD5CWUIx1HTr,73
Nomrah,Forget Your Name - 2021 Remaster,0J3ErwKyDse6hMoB8rzMYS,0
Lovejoy,Sex Sells,6ShHxD0hoJSXajmcpQ5Ri8,77
Nomrah,Thrift Store Drip - 2021 Remaster,2AFLNUXEvcyPjZvTakHy7r,0
Rod Wave,Tombstone,5pRTz4O2qOkr5nawemy6Wb,73
Hellgreaser,Bloody Moonlight Dance - Remastered 2021,5l6hbF2aMkiIqLilfX3WZy,5
Kevin Gates,Big Gangsta,03ERnTvSV5fy8WAyvA4uNP,75
Hellgreaser,Go Hellgreaser Go - Remastered 2021,1MJxAvBmotL2LqpLg627Lf,4
Polo G,So Real,0NvHg9fiix03UG7hdYx6DI,75
Hellgreaser,Freddy is Back - Remastered 2021,4HGSRfxmF9c03TmwtZYwN4,5
Brett Young,Not Yet,0WVvn1HeAGVcnMnQcKPAQg,73
Relaxing Piano Music Girl,Jazz Piano Soundtrack for 2021,6Pd3Y6fkUcNIZ3d4O2Wj7D,11
Bo Burnham,How the World Works,3ymKC2QCBeN3hMseX2hUYm,75
Nomrah,Off the Rails - 2021 Remaster,0QSV5quGQBAIiEXQYgGSHC,0
Bo Burnham,Don't Wanna Know,7kK9h00nOXVagkOCXPcBxx,75
The Eggs Of Thursday,Years,59LnKBMXelh7i9nEWzSGDs,0
Lil Baby,2040,2ELp0EL65yitpfJYwc5983,74
Mr AB,New Years,5YV1w2D8JRQubDoECUCA4C,0
Lil Tecca,Show Me Up,3BGppswSnFNGUSFiJ6rj4n,75
Hellgreaser,Jeanys Sweet Revenge - Remastered 2021,3afNbL2v7abC8HoU1ylmnB,7
Sleepy Hallow,2055,0mG6igzxbH55XRyq3ygEh8,75
Stiles,3 Years,7to9hRoUiADvNJRHaxMmBe,0
Wisin,Fiel - Remix,43qcs9NpJhDxtG91zxFkj7,87
Right Direction,Kids On the Street - 2021 Remaster,0aCjobwUc894N2hXqyJEyN,3
Polo G,Go Part 1 (with G Herbo),1EnWTwagv0XR5OJ51WMdzj,74
Nomrah,Go Slow (Interlude) - 2021 Remaster,5N2C3Rj4nAqKoAqCY7FPGV,0
